種類,講座ナンバー,講座タイトル,訓練,具体的な教育訓練,時間数,細部訓練項目（教育訓練の内容がわかる事項）,・期待される教育訓練の効果 ・到達すべき知識、技量レベル ・キャリアアップにつながる理由
入職時基礎的訓練講座,1,安全衛生～安全に仕事をするために～,,"安全衛生
～安全に仕事をするために～",45,"・安全衛生とは
・労働災害が起こるのはなぜだろう？
・異常発生時の手順と災害防止のために
・災害発生時の対応と安全衛生の心得①
・災害発生時の対応と安全衛生の心得②
・健康管理とメンタルヘルスケア",
入職時基礎的訓練講座,2,生活リズム～交代勤務時の注意点～,,,20,,
入職時基礎的訓練講座,3,ISO～知っておきたい基礎知識～,,,25,,
入職時基礎的訓練講座,4,職場で楽しく働くための日本語講座,,,60,,
ヒューマンスキル,5,ヒューマンスキル「コミュニケーション①」,,,60,,
ヒューマンスキル,6,ヒューマンスキル「コミュニケーション②」,,,60,,
ヒューマンスキル,7,ヒューマンスキル「仕事の向き不向き」,,,60,,
ヒューマンスキル,8,ヒューマンスキル「自責と他責」,,,60,,
ヒューマンスキル,9,ヒューマンスキル「推測力問題認識力」,,,60,,
ヒューマンスキル,10,ヒューマンスキル「仕事継続基本項目（信頼編）」,,,60,,
ヒューマンスキル,11,ヒューマンスキル「仕事継続基本項目（仕事の態度編）」,,,60,,
ヒューマンスキル,12,ヒューマンスキル「仕事継続基本項目（時間編）」,,,60,,
ヒューマンスキル,13,ヒューマンスキル「仕事継続基本項目（やり切る編）」,,,60,,
ヒューマンスキル,14,ヒューマンスキル「仕事継続基本項目（積極性編）」,,,60,,
製造 > ものづくり教育,15,ものづくり教育プログラム【初級】Ⅰ,職能別,"ものづくり教育プログラム【初級】Ⅰ
(日本語・英語・ポルトガル語・
中国語・ベトナム語)",120,"初めて製造のお仕事に就く方向けの研修内容
・「ものをつくる」価値について
・製造現場での「安全」
・「品質（QCD）」とは","初めて製造のお仕事に就く方向けの講座です。「ものをつくる」に当たって必要な心構えや考え方の知識を身につけることができる内容です。本講座では心構えや考え方のうち、「ものづくりの価値」「安全」「品質」について学びます。いずれの項目も、ものづくりをする人は知っておきたい内容です。
入社時のOJT研修とは違い、「ものをつくる」意味を考えることを意識させる研修内容となっています。ものづくりの楽しさ、考えるべき点を学ぶことができます。価値を理解することで、仕事に対する派遣社員の方々が意欲に繋がり、責任感に繋がる研修効果を期待しています。"
製造 > ものづくり教育,16,ものづくり教育プログラム【初級】Ⅱ,職能別,"ものづくり教育プログラム【初級】Ⅱ
(日本語・英語・ポルトガル語・
中国語・ベトナム語)",120,"初めて製造のお仕事に就く方向けの研修内容
・製造現場でなぜモラルが必要か
・生産性とはなにか
・コスト意識はなぜ大切か
・納期を守ることの必要性","初めて製造のお仕事に就く方向けの講座です。ものづくりの仕事する中で必要な知識である「モラル」「生産性」「コスト」「納期」について学びます。必要な内容であることを理解していても指導や教育をするタイミングが少ない項目です。ものづくりに携わる人が覚えておきたい内容を中心に構成されています。
ものづくりの基本とも言える内容を理解することはものづくりにおける技能の向上につながります。
生産性、納期やコストなどの知識を得ることによってものづくりに対する考え方を一歩進めることができます。職場で取るべき行動の理解につながります。"
製造 > ものづくり教育,17,ものづくり教育プログラム【中級】Ⅰ,職能別,"ものづくり教育プログラム【中級】Ⅰ
(日本語・英語・ポルトガル語・
中国語・ベトナム語)",120,"「ものづくり」に携わる仕事に就いている方向けの研修内容
・安全管理のポイント
・QC７つ道具
・職場のモラル向上は？","「ものづくり」の職種についたことがある方に対応した中級者向けの講座です。安全を管理して安全を作っていく方法や、質管理の種類や考え方、モラルをどのように広げていくのかなど、一歩進んだ講座です。自分が活躍するために必要な他人に影響を与えることが含まれています。
自分だけではなく他人を巻き込んだ仕事はステップアップしていくためには必要不可欠です。他人を巻き込むことを学び実践することで今以上に高いレベルの仕事を目指します。ものをつくるだけから一歩進んだ力をつけることで派遣先にとって必要不可欠な人材として活躍していただくことを目的としています。"
製造 > ものづくり教育,18,ものづくり教育プログラム【中級】Ⅱ,職能別,"ものづくり教育プログラム【中級】Ⅱ
(日本語・英語・ポルトガル語・中国語・ベトナム語)",120,"「ものづくり」に携わる仕事に就いている方向けの研修内容
・標準時間を意識しよう
・原価を考えた行動とは
・納期管理とは","「ものづくり」の職種についたことがある方に対応した中級者向けの講座です。生産性を向上させるための工夫、職場で必要とされているコスト、納期では生産で欠かすことができないリードタイムを学びます。これらの内容で効率よく無駄のない生産を実施する基礎となります。
この講座では具体的な効率向上、コスト、リードタイムなど具体的な内容を学ぶことができます。職場で使われている具体的な内容を学ぶことで職場で実施されている内容をより深く理解することができます。深く理解することで実際の職場でも今以上に適切な行動が取れるようになります。"
製造 > ものづくり教育,19,ものづくり教育プログラム【上級】Ⅰ,職能別,"ものづくり教育プログラム【上級】Ⅰ
(日本語・英語・ポルトガル語・中国語・ベトナム語)",120,"「ものづくり」の職種経験者向けの上級者向けの研修
・安全管理の展開
・品質向上試作
・モラル向上のための改善方法","ある程度の製造現場経験がある方に対して、「ものづくり」において、責任感を持つことが出来、確実にスキルアップにつながる講座です。知識だけではなく、改善方法をどのように考えていくのか、安全管理の仕方、品質向上のため必要な人づくり、品質向上のサイクル、モラル改善のために必要な環境変化の方法を学びます。
リーダーになるための研修というよりは、リーダーになった際のより知識力をつける研修になります。管理者もしくは、社員になるために不可欠な知識を持つことで、役職を上げるもしくは給与アップするために、大きなステップアップになる研修だと考えており、キャリアアップするために「ここまで知っておきたい」という意識改革に繋がると考えています。"
製造 > ものづくり教育,20,ものづくり教育プログラム【上級】Ⅱ,職能別,"ものづくり教育プログラム【上級】Ⅱ
(日本語・英語・ポルトガル語・
中国語・ベトナム語)",120,"「ものづくり」の職種経験者向けの上級者向けの研修
・動作分析で生産性を向上する
・損益分岐点
・進捗管理","ある程度の製造現場経験がある方に対して、「ものづくり」において、責任感を持つことが出来、確実にスキルアップにつながる講座です。生産性向上を推進するためのムリ・ムダ・ムラの排除方法、より高いレベルでコストを考えるために必要な損益分岐点の考え方、組織として納期を確保するために必要な進捗管理を学びます。
リーダーになるための研修というよりは、リーダーになった際に必要な知識力をつける研修になります。この講座では生産性の向上、製造コスト、納期までの進捗管理など製造現場において必要な意識を高め、具体的な内容を学ぶことで実践に活かすことを目的としています。"
製造 > ものづくり教育,21,ものづくり教育プログラム【初級】Ⅰ_機械加工,職能別,ものづくり教育プログラム【初級】,120,"初めて製造のお仕事に就く方向けの研修内容
・「ものをつくる」価値について
・「品質（QCD）」とは
・製造現場でなぜモラルが必要か
・生産性とはなにか
・コスト意識はなぜ大切か
・納期を守ることの必要性","初めて製造のお仕事に就く方向けの講座です。「ものをつくる」に当たって必要な心構えや考え方の知識を身につけることができる内容です。本講座では心構えや考え方のうち、「ものづくりの価値」「安全」「品質」について学びます。いずれの項目も、ものづくりをする人は知っておきたい内容です。
入社時のOJT研修とは違い、「ものをつくる」意味を考えることを意識させる研修内容となっています。ものづくりの楽しさ、考えるべき点を学ぶことができます。価値を理解することで、仕事に対する派遣社員の方々が意欲に繋がり、責任感に繋がる研修効果を期待しています。"
製造 > ものづくり教育,22,ものづくり教育プログラム【初級】Ⅰ_食品加工,職能別,ものづくり教育プログラム【初級】,120,"初めて製造のお仕事に就く方向けの研修内容
・「ものをつくる」価値について
・「品質（QCD）」とは
・製造現場でなぜモラルが必要か
・生産性とはなにか
・コスト意識はなぜ大切か
・納期を守ることの必要性","初めて製造のお仕事に就く方向けの講座です。「ものをつくる」に当たって必要な心構えや考え方の知識を身につけることができる内容です。本講座では心構えや考え方のうち、「ものづくりの価値」「安全」「品質」について学びます。いずれの項目も、ものづくりをする人は知っておきたい内容です。
入社時のOJT研修とは違い、「ものをつくる」意味を考えることを意識させる研修内容となっています。ものづくりの楽しさ、考えるべき点を学ぶことができます。価値を理解することで、仕事に対する派遣社員の方々が意欲に繋がり、責任感に繋がる研修効果を期待しています。"
製造 > ものづくり教育,23,ものづくり教育プログラム【初級】Ⅰ_電気・電子部品,職能別,ものづくり教育プログラム【初級】,120,"初めて製造のお仕事に就く方向けの研修内容
・「ものをつくる」価値について
・「品質（QCD）」とは
・製造現場でなぜモラルが必要か
・生産性とはなにか
・コスト意識はなぜ大切か
・納期を守ることの必要性","初めて製造のお仕事に就く方向けの講座です。「ものをつくる」に当たって必要な心構えや考え方の知識を身につけることができる内容です。本講座では心構えや考え方のうち、「ものづくりの価値」「安全」「品質」について学びます。いずれの項目も、ものづくりをする人は知っておきたい内容です。
入社時のOJT研修とは違い、「ものをつくる」意味を考えることを意識させる研修内容となっています。ものづくりの楽しさ、考えるべき点を学ぶことができます。価値を理解することで、仕事に対する派遣社員の方々が意欲に繋がり、責任感に繋がる研修効果を期待しています。"
製造 > ものづくり教育,24,ものづくり教育プログラム【初級】Ⅰ_組立作業,職能別,ものづくり教育プログラム【初級】,120,"初めて製造のお仕事に就く方向けの研修内容
・「ものをつくる」価値について
・「品質（QCD）」とは
・製造現場でなぜモラルが必要か
・生産性とはなにか
・コスト意識はなぜ大切か
・納期を守ることの必要性","初めて製造のお仕事に就く方向けの講座です。「ものをつくる」に当たって必要な心構えや考え方の知識を身につけることができる内容です。本講座では心構えや考え方のうち、「ものづくりの価値」「安全」「品質」について学びます。いずれの項目も、ものづくりをする人は知っておきたい内容です。
入社時のOJT研修とは違い、「ものをつくる」意味を考えることを意識させる研修内容となっています。ものづくりの楽しさ、考えるべき点を学ぶことができます。価値を理解することで、仕事に対する派遣社員の方々が意欲に繋がり、責任感に繋がる研修効果を期待しています。"
製造 > ものづくり教育,25,ものづくり教育プログラム【初級】Ⅰ_自動車製造,職能別,ものづくり教育プログラム【初級】,120,"初めて製造のお仕事に就く方向けの研修内容
・「ものをつくる」価値について
・「品質（QCD）」とは
・製造現場でなぜモラルが必要か
・生産性とはなにか
・コスト意識はなぜ大切か
・納期を守ることの必要性","初めて製造のお仕事に就く方向けの講座です。「ものをつくる」に当たって必要な心構えや考え方の知識を身につけることができる内容です。本講座では心構えや考え方のうち、「ものづくりの価値」「安全」「品質」について学びます。いずれの項目も、ものづくりをする人は知っておきたい内容です。
入社時のOJT研修とは違い、「ものをつくる」意味を考えることを意識させる研修内容となっています。ものづくりの楽しさ、考えるべき点を学ぶことができます。価値を理解することで、仕事に対する派遣社員の方々が意欲に繋がり、責任感に繋がる研修効果を期待しています。"
製造 > ものづくり教育,26,ものづくり教育プログラム【中級】Ⅰ_機械加工,職能別,ものづくり教育プログラム【中級】,120,"「ものづくり」に携わる仕事に就いている方向けの研修内容
・安全管理のポイント
・QC７つ道具
・職場のモラル向上は？
・標準時間を意識しよう
・原価を考えた行動とは
・納期管理とは","「ものづくり」の職種についたことがある方に対応した中級者向けの講座です。安全を管理して安全を作っていく方法や、質管理の種類や考え方、モラルをどのように広げていくのかなど、一歩進んだ講座です。生産性を向上させるための工夫、職場で必要とされているコスト、納期では生産で欠かすことができないリードタイムを学びます。これらの内容で効率よく無駄のない生産を実施する基礎となります。
自分だけではなく他人を巻き込んだ仕事はステップアップしていくためには必要不可欠です。他人を巻き込むことを学び実践することで今以上に高いレベルの仕事を目指します。ものをつくるだけから一歩進んだ力をつけることで派遣先にとって必要不可欠な人材として活躍していただくことを目的としています。"
製造 > ものづくり教育,27,ものづくり教育プログラム【中級】Ⅰ_食品加工,職能別,ものづくり教育プログラム【中級】,120,"「ものづくり」に携わる仕事に就いている方向けの研修内容
・安全管理のポイント
・QC７つ道具
・職場のモラル向上は？
・標準時間を意識しよう
・原価を考えた行動とは
・納期管理とは","「ものづくり」の職種についたことがある方に対応した中級者向けの講座です。安全を管理して安全を作っていく方法や、質管理の種類や考え方、モラルをどのように広げていくのかなど、一歩進んだ講座です。生産性を向上させるための工夫、職場で必要とされているコスト、納期では生産で欠かすことができないリードタイムを学びます。これらの内容で効率よく無駄のない生産を実施する基礎となります。
自分だけではなく他人を巻き込んだ仕事はステップアップしていくためには必要不可欠です。他人を巻き込むことを学び実践することで今以上に高いレベルの仕事を目指します。ものをつくるだけから一歩進んだ力をつけることで派遣先にとって必要不可欠な人材として活躍していただくことを目的としています。"
製造 > ものづくり教育,28,ものづくり教育プログラム【中級】Ⅰ_電気・電子部品,職能別,ものづくり教育プログラム【中級】,120,"「ものづくり」に携わる仕事に就いている方向けの研修内容
・安全管理のポイント
・QC７つ道具
・職場のモラル向上は？
・標準時間を意識しよう
・原価を考えた行動とは
・納期管理とは","「ものづくり」の職種についたことがある方に対応した中級者向けの講座です。安全を管理して安全を作っていく方法や、質管理の種類や考え方、モラルをどのように広げていくのかなど、一歩進んだ講座です。生産性を向上させるための工夫、職場で必要とされているコスト、納期では生産で欠かすことができないリードタイムを学びます。これらの内容で効率よく無駄のない生産を実施する基礎となります。
自分だけではなく他人を巻き込んだ仕事はステップアップしていくためには必要不可欠です。他人を巻き込むことを学び実践することで今以上に高いレベルの仕事を目指します。ものをつくるだけから一歩進んだ力をつけることで派遣先にとって必要不可欠な人材として活躍していただくことを目的としています。"
製造 > ものづくり教育,29,ものづくり教育プログラム【中級】Ⅰ_組立作業,職能別,ものづくり教育プログラム【中級】,120,"「ものづくり」に携わる仕事に就いている方向けの研修内容
・安全管理のポイント
・QC７つ道具
・職場のモラル向上は？
・標準時間を意識しよう
・原価を考えた行動とは
・納期管理とは","「ものづくり」の職種についたことがある方に対応した中級者向けの講座です。安全を管理して安全を作っていく方法や、質管理の種類や考え方、モラルをどのように広げていくのかなど、一歩進んだ講座です。生産性を向上させるための工夫、職場で必要とされているコスト、納期では生産で欠かすことができないリードタイムを学びます。これらの内容で効率よく無駄のない生産を実施する基礎となります。
自分だけではなく他人を巻き込んだ仕事はステップアップしていくためには必要不可欠です。他人を巻き込むことを学び実践することで今以上に高いレベルの仕事を目指します。ものをつくるだけから一歩進んだ力をつけることで派遣先にとって必要不可欠な人材として活躍していただくことを目的としています。"
製造 > ものづくり教育,30,ものづくり教育プログラム【中級】Ⅰ_自動車製造,職能別,ものづくり教育プログラム【中級】,120,"「ものづくり」に携わる仕事に就いている方向けの研修内容
・安全管理のポイント
・QC７つ道具
・職場のモラル向上は？
・標準時間を意識しよう
・原価を考えた行動とは
・納期管理とは","「ものづくり」の職種についたことがある方に対応した中級者向けの講座です。安全を管理して安全を作っていく方法や、質管理の種類や考え方、モラルをどのように広げていくのかなど、一歩進んだ講座です。生産性を向上させるための工夫、職場で必要とされているコスト、納期では生産で欠かすことができないリードタイムを学びます。これらの内容で効率よく無駄のない生産を実施する基礎となります。
自分だけではなく他人を巻き込んだ仕事はステップアップしていくためには必要不可欠です。他人を巻き込むことを学び実践することで今以上に高いレベルの仕事を目指します。ものをつくるだけから一歩進んだ力をつけることで派遣先にとって必要不可欠な人材として活躍していただくことを目的としています。"
製造 > ものづくり教育,31,ものづくり教育プログラム【上級】Ⅰ_機械加工,職能別,ものづくり教育プログラム【上級】,120,"「ものづくり」の職種経験者向けの上級者向けの研修
・安全管理の展開
・品質向上試作
・モラル向上のための改善方法
・動作分析で生産性を向上する
・損益分岐点
・進捗管理","ある程度の製造現場経験がある方に対して、「ものづくり」において、責任感を持つことが出来、確実にスキルアップにつながる講座です。知識だけではなく、改善方法をどのように考えていくのか、安全管理の仕方、品質向上のため必要な人づくり、品質向上のサイクル、モラル改善のために必要な環境変化の方法を学びます。
リーダーになるための研修というよりは、リーダーになった際のより知識力をつける研修になります。管理者もしくは、社員になるために不可欠な知識を持つことで、役職を上げるもしくは給与アップするために、大きなステップアップになる研修だと考えており、キャリアアップするために「ここまで知っておきたい」という意識改革に繋がると考えています。"
製造 > ものづくり教育,32,ものづくり教育プログラム【上級】Ⅰ_食品加工,職能別,ものづくり教育プログラム【上級】,120,"「ものづくり」の職種経験者向けの上級者向けの研修
・安全管理の展開
・品質向上試作
・モラル向上のための改善方法
・動作分析で生産性を向上する
・損益分岐点
・進捗管理","ある程度の製造現場経験がある方に対して、「ものづくり」において、責任感を持つことが出来、確実にスキルアップにつながる講座です。知識だけではなく、改善方法をどのように考えていくのか、安全管理の仕方、品質向上のため必要な人づくり、品質向上のサイクル、モラル改善のために必要な環境変化の方法を学びます。
リーダーになるための研修というよりは、リーダーになった際のより知識力をつける研修になります。管理者もしくは、社員になるために不可欠な知識を持つことで、役職を上げるもしくは給与アップするために、大きなステップアップになる研修だと考えており、キャリアアップするために「ここまで知っておきたい」という意識改革に繋がると考えています。"
製造 > ものづくり教育,33,ものづくり教育プログラム【上級】Ⅰ_電気・電子部品,職能別,ものづくり教育プログラム【上級】,120,"「ものづくり」の職種経験者向けの上級者向けの研修
・安全管理の展開
・品質向上試作
・モラル向上のための改善方法
・動作分析で生産性を向上する
・損益分岐点
・進捗管理","ある程度の製造現場経験がある方に対して、「ものづくり」において、責任感を持つことが出来、確実にスキルアップにつながる講座です。知識だけではなく、改善方法をどのように考えていくのか、安全管理の仕方、品質向上のため必要な人づくり、品質向上のサイクル、モラル改善のために必要な環境変化の方法を学びます。
リーダーになるための研修というよりは、リーダーになった際のより知識力をつける研修になります。管理者もしくは、社員になるために不可欠な知識を持つことで、役職を上げるもしくは給与アップするために、大きなステップアップになる研修だと考えており、キャリアアップするために「ここまで知っておきたい」という意識改革に繋がると考えています。"
製造 > ものづくり教育,34,ものづくり教育プログラム【上級】Ⅰ_組立作業,職能別,ものづくり教育プログラム【上級】,120,"「ものづくり」の職種経験者向けの上級者向けの研修
・安全管理の展開
・品質向上試作
・モラル向上のための改善方法
・動作分析で生産性を向上する
・損益分岐点
・進捗管理","ある程度の製造現場経験がある方に対して、「ものづくり」において、責任感を持つことが出来、確実にスキルアップにつながる講座です。知識だけではなく、改善方法をどのように考えていくのか、安全管理の仕方、品質向上のため必要な人づくり、品質向上のサイクル、モラル改善のために必要な環境変化の方法を学びます。
リーダーになるための研修というよりは、リーダーになった際のより知識力をつける研修になります。管理者もしくは、社員になるために不可欠な知識を持つことで、役職を上げるもしくは給与アップするために、大きなステップアップになる研修だと考えており、キャリアアップするために「ここまで知っておきたい」という意識改革に繋がると考えています。"
製造 > ものづくり教育,35,ものづくり教育プログラム【上級】Ⅰ_自動車製造,職能別,ものづくり教育プログラム【上級】,120,"「ものづくり」の職種経験者向けの上級者向けの研修
・安全管理の展開
・品質向上試作
・モラル向上のための改善方法
・動作分析で生産性を向上する
・損益分岐点
・進捗管理","ある程度の製造現場経験がある方に対して、「ものづくり」において、責任感を持つことが出来、確実にスキルアップにつながる講座です。知識だけではなく、改善方法をどのように考えていくのか、安全管理の仕方、品質向上のため必要な人づくり、品質向上のサイクル、モラル改善のために必要な環境変化の方法を学びます。
リーダーになるための研修というよりは、リーダーになった際のより知識力をつける研修になります。管理者もしくは、社員になるために不可欠な知識を持つことで、役職を上げるもしくは給与アップするために、大きなステップアップになる研修だと考えており、キャリアアップするために「ここまで知っておきたい」という意識改革に繋がると考えています。"
製造 > 品質管理,36,品質管理プログラム【初級】Ⅰ,職能別,"品質管理プログラム【初級】Ⅰ
(日本語・英語・ポルトガル語・
中国語・ベトナム語)",120,"「品質」とは、何であるのかの根本から品質を
維持・向上させるための考え方や手法を学ぶ研修
・品質と管理
・品質と特性
・消費者目線の品質","品質はものづくりでは欠かすことができないことです。職場において品質をじっくりと学ぶ機会は多くありません。本講座では品質とは何かから始まり、消費者目線の品質まで理解することができる講座です。
品質の理解を通して、業務における行動の変化を促す契機にもつながります。
QC検定を受けたい方には、まず最初に学ぶには相応しい研修内容となっております。QC検定受ける予定がない方でもQC検定を受けて、キャリアアップを目指そうという意識改革を促すことが出来ます。
どうしても現場で伝えられない部分を、キャリアアップ教育で実施することで、派遣スタッフの考え方や意識を向上させることができます。"
製造 > 品質管理,37,品質管理プログラム【初級】Ⅱ,職能別,"品質管理プログラム【初級】Ⅱ
(日本語・英語・ポルトガル語・
中国語・ベトナム語)",120,"「品質」とは、何であるのかの根本から品質を
維持・向上させるための考え方や手法を学ぶ研修
・管理とは
・対策、維持、改善
・品質データと母集団","品質の中でも管理や対策、品質データなど通常職場では学ぶ機会がない内容を学べる講座です。これらを理解することで職場で実施している作業をより理解することができるとともに、品質と品質管理プログラムの基礎を学ぶことで作業の必要性を理解できます。また、改善の考え方などを理解することで更なる能力向上に繋がります。
QC検定を受けたい方には、まず最初に学ぶには相応しい研修内容となっております。QC検定受ける予定がない方でもQC検定を受けて、キャリアアップを目指そうという意識改革を促すことが出来ます。
品質管理プログラムにおけるデータ分析を出来る力・考える力を高めることを目的としています。"
製造 > 品質管理,38,品質管理プログラム【初級】Ⅲ,職能別,品質管理プログラム【初級】Ⅲ,120,"「品質」とは、何であるのかの根本から品質を
維持・向上させるための考え方や手法を学ぶ研修
・データと不具合要因
・品質のばらつき
・データの種類","品質を維持・向上させていくために必要なものの1つにデータがあります。データを取る目的は何であるのか？取ったデータについてどのように判断するのか？などを学びます。データを知ることで品質に影響を与えるばらつきの理解を深めます。職場で発生するばらつきに対してどのように判断をすれば良いかを理解できます。
データは品質において重要な要素です。データからわかる不具合要因を学ぶことで職場で発生している状況を焦らずに対処しやすくなります。知識をベースにした適切な対処は周囲の信頼を得やすくなりレベルの高い人材と認識されるようになります。本人の自信にもつながり、更なる活躍にもつながります。"
製造 > 品質管理,39,品質管理プログラム【初級】Ⅳ,職能別,品質管理プログラム【初級】Ⅳ,120,"「品質」とは、何であるのかの根本から品質を
維持・向上させるための考え方や手法を学ぶ研修
・サンプリングと誤差
・データの記録と作成
・データの活用","品質を維持・向上させていくために必要なデータの取り方、データの記録方法、データの活用について学びます。
職場で実施するデータ収集からデータ活用までの一連の流れを理解して目的にあった正しいデータの活用方法ができるようになります。
職場で決められた方法でデータを取ることしか教えられません。データの正しい取り方や記録を残す意味、データをどのように活用するかを理解することでデータの重要性を理解して職場における品質向上を実現できる人材へ一歩近くことができます。より高いレベルへ一歩を踏み出す大切な知識を得ることができます。"
製造 > 品質管理,40,品質管理プログラム【中級】Ⅰ,職能別,品質管理プログラム【中級】Ⅰ,120,"製造現場での経験が既にある方に対応した中級者向け研修
・平均値とメディアン
・ばらつきの範囲について
・QC７つ道具
・パレート図について","製造現場での経験がある人を対象としています。
データを判断する際に必要とされる中心位置の知識、ばらつきの範囲を理解した上で、品質で覚えておきたいQC7つ道具について学びます。この講座ではパレート図の具体的な作成方法も学ぶことができます。
初級では、データを読む力・考える力を身につけさせることが出来ました。中級ではそれを改善する方法を学習していきます。データを見て判断できる知識を身につけ、改善に欠かすことができないパレート図の作成までができるようになります。"
製造 > 品質管理,41,品質管理プログラム【中級】Ⅱ,職能別,品質管理プログラム【中級】Ⅱ,120,"製造現場での経験が既にある方に対応した中級者向け研修
・特性要因図
・チェックシートの種類と作成方法
・品質に影響を与える作業手順書","製造現場での経験がある人を対象としています。
この講座ではデータを具体的に活かすための特性要因図やチェックシートを学び、それらを元に品質を確保するための作業手順書について学びます。品質を向上させるために必要な視点を養うことができる内容になっています。
データを具体的に活かすために必要なツールを学ぶことで品質について深く学んでいきます。作業手順書について学ぶことでその重要性に気づき新たな作業への取り組みと改善への意識を強く持つことができます。"
製造 > 品質管理,42,品質管理プログラム【上級】Ⅰ,職能別,品質管理プログラム【上級】Ⅰ,120,"製造現場での経験が既にある方に対応した上級者向け研修
・品質管理プログラムを導入と推進
・品質の管理の推進・方針管理と標準化
・工程管理の流れ","製造現場で経験があり、職場におけるリーダー的な役割を果たす人を対象としています。品質を確保するために必要な品質管理プログラムを実施することで自分だけでなく周囲にも良い影響を与えることができる方法を学びます。組織としての品質確保を実現するために知っておきたい内容です。
品質において、問題と改善、工程の管理・改善、こちらを学ばせることが派遣スタッフという立場から、社員という立場に変化するための重要な知識だと考えます。
社員でもここまで知識があるかどうかわからない部分を学ばせることが社内で大きな役割を果たしてくれることを期待し、またスタッフ1人1人の大きな自信へと繋がっていくことがキャリアアップに繋がると考えています。"
製造 > 品質管理,43,品質管理プログラム【上級】Ⅱ,職能別,品質管理プログラム【上級】Ⅱ,120,"製造現場での経験が既にある方に対応した上級者向け研修
・検査の種類と方法
・問題の把握と改善
・工程改善の種類と流れ","製造現場で経験があり、職場におけるリーダー的な役割を果たす人を対象としています。この講座では検査に関する知識、問題とは何か、課題に対しての改善方法などを学びます。社員レベルの知識を得ることができます。一般の派遣スタッフとはレベルが異なる人材に育成できる内容になっています。
問題を把握し、広い視野を持って改善ができるようになります。品質に対する考え方も高いレベルに位置することができます。周囲から認められ職場に欠かせない人材になることができる内容です。派遣スタッフとして高いレベルの知識を身につけて社員へのレベルアップが期待できます。"
製造 > 品質管理,44,品質管理プログラム【初級】Ⅰ_機械加工,職能別,品質管理プログラム【初級】,120,"「品質」とは、何であるのかの根本から品質を
　維持・向上させるための考え方や手法を学ぶ研修
　・品質と管理
・品質と特性
・消費者目線の品質
・管理とは
・対策、維持、改善
・品質データと母集団
・データと不具合要因
・品質のばらつき
・データの種類
・サンプリングと誤差
・データの記録と作成
・データの活用","品質はものづくりでは欠かすことができないことです。職場において品質をじっくりと学ぶ機会は多くありません。本講座では品質とは何かから始まり、消費者目線の品質まで理解することができる講座です。
品質の理解を通して、業務における行動の変化を促す契機にもつながります。
QC検定を受けたい方には、まず最初に学ぶには相応しい研修内容となっております。QC検定受ける予定がない方でもQC検定を受けて、キャリアアップを目指そうという意識改革を促すことが出来ます。どうしても現場で伝えられない部分を、キャリアアップ教育で実施することで、派遣スタッフの考え方や意識を向上させることができます。
データの正しい取り方や記録を残す意味、データをどのように活用するかを理解することでデータの重要性を理解して職場における品質向上を実現できる人材へ一歩近くことができます。より高いレベルへ一歩を踏み出す大切な知識を得ることができます。"
製造 > 品質管理,45,品質管理プログラム【初級】Ⅰ_食品加工,職能別,品質管理プログラム【初級】,120,"「品質」とは、何であるのかの根本から品質を
　維持・向上させるための考え方や手法を学ぶ研修
　・品質と管理
・品質と特性
・消費者目線の品質
・管理とは
・対策、維持、改善
・品質データと母集団
・データと不具合要因
・品質のばらつき
・データの種類
・サンプリングと誤差
・データの記録と作成
・データの活用","品質はものづくりでは欠かすことができないことです。職場において品質をじっくりと学ぶ機会は多くありません。本講座では品質とは何かから始まり、消費者目線の品質まで理解することができる講座です。
品質の理解を通して、業務における行動の変化を促す契機にもつながります。
QC検定を受けたい方には、まず最初に学ぶには相応しい研修内容となっております。QC検定受ける予定がない方でもQC検定を受けて、キャリアアップを目指そうという意識改革を促すことが出来ます。どうしても現場で伝えられない部分を、キャリアアップ教育で実施することで、派遣スタッフの考え方や意識を向上させることができます。
データの正しい取り方や記録を残す意味、データをどのように活用するかを理解することでデータの重要性を理解して職場における品質向上を実現できる人材へ一歩近くことができます。より高いレベルへ一歩を踏み出す大切な知識を得ることができます。"
製造 > 品質管理,46,品質管理プログラム【初級】Ⅰ_電気・電子部品,職能別,品質管理プログラム【初級】,120,"「品質」とは、何であるのかの根本から品質を
　維持・向上させるための考え方や手法を学ぶ研修
　・品質と管理
・品質と特性
・消費者目線の品質
・管理とは
・対策、維持、改善
・品質データと母集団
・データと不具合要因
・品質のばらつき
・データの種類
・サンプリングと誤差
・データの記録と作成
・データの活用","品質はものづくりでは欠かすことができないことです。職場において品質をじっくりと学ぶ機会は多くありません。本講座では品質とは何かから始まり、消費者目線の品質まで理解することができる講座です。
品質の理解を通して、業務における行動の変化を促す契機にもつながります。
QC検定を受けたい方には、まず最初に学ぶには相応しい研修内容となっております。QC検定受ける予定がない方でもQC検定を受けて、キャリアアップを目指そうという意識改革を促すことが出来ます。どうしても現場で伝えられない部分を、キャリアアップ教育で実施することで、派遣スタッフの考え方や意識を向上させることができます。
データの正しい取り方や記録を残す意味、データをどのように活用するかを理解することでデータの重要性を理解して職場における品質向上を実現できる人材へ一歩近くことができます。より高いレベルへ一歩を踏み出す大切な知識を得ることができます。"
製造 > 品質管理,47,品質管理プログラム【初級】Ⅰ_組立作業,職能別,品質管理プログラム【初級】,120,"「品質」とは、何であるのかの根本から品質を
　維持・向上させるための考え方や手法を学ぶ研修
　・品質と管理
・品質と特性
・消費者目線の品質
・管理とは
・対策、維持、改善
・品質データと母集団
・データと不具合要因
・品質のばらつき
・データの種類
・サンプリングと誤差
・データの記録と作成
・データの活用","品質はものづくりでは欠かすことができないことです。職場において品質をじっくりと学ぶ機会は多くありません。本講座では品質とは何かから始まり、消費者目線の品質まで理解することができる講座です。
品質の理解を通して、業務における行動の変化を促す契機にもつながります。
QC検定を受けたい方には、まず最初に学ぶには相応しい研修内容となっております。QC検定受ける予定がない方でもQC検定を受けて、キャリアアップを目指そうという意識改革を促すことが出来ます。どうしても現場で伝えられない部分を、キャリアアップ教育で実施することで、派遣スタッフの考え方や意識を向上させることができます。
データの正しい取り方や記録を残す意味、データをどのように活用するかを理解することでデータの重要性を理解して職場における品質向上を実現できる人材へ一歩近くことができます。より高いレベルへ一歩を踏み出す大切な知識を得ることができます。"
製造 > 品質管理,48,品質管理プログラム【初級】Ⅰ_自動車製造,職能別,品質管理プログラム【初級】,120,"「品質」とは、何であるのかの根本から品質を
　維持・向上させるための考え方や手法を学ぶ研修
　・品質と管理
・品質と特性
・消費者目線の品質
・管理とは
・対策、維持、改善
・品質データと母集団
・データと不具合要因
・品質のばらつき
・データの種類
・サンプリングと誤差
・データの記録と作成
・データの活用","品質はものづくりでは欠かすことができないことです。職場において品質をじっくりと学ぶ機会は多くありません。本講座では品質とは何かから始まり、消費者目線の品質まで理解することができる講座です。
品質の理解を通して、業務における行動の変化を促す契機にもつながります。
QC検定を受けたい方には、まず最初に学ぶには相応しい研修内容となっております。QC検定受ける予定がない方でもQC検定を受けて、キャリアアップを目指そうという意識改革を促すことが出来ます。どうしても現場で伝えられない部分を、キャリアアップ教育で実施することで、派遣スタッフの考え方や意識を向上させることができます。
データの正しい取り方や記録を残す意味、データをどのように活用するかを理解することでデータの重要性を理解して職場における品質向上を実現できる人材へ一歩近くことができます。より高いレベルへ一歩を踏み出す大切な知識を得ることができます。"
製造 > 品質管理,49,品質管理プログラム【中級】Ⅰ_機械加工,職能別,品質管理プログラム【中級】Ⅰ,120,"製造現場での経験が既にある方に対応した中級者向け研修
・平均値とメディアン
・ばらつきの範囲について
・QC７つ道具
・パレート図について","製造現場での経験がある人を対象としています。
データを判断する際に必要とされる中心位置の知識、ばらつきの範囲を理解した上で、品質で覚えておきたいQC7つ道具について学びます。この講座ではパレート図の具体的な作成方法も学ぶことができます。
初級では、データを読む力・考える力を身につけさせることが出来ました。中級ではそれを改善する方法を学習していきます。データを見て判断できる知識を身につけ、改善に欠かすことができないパレート図の作成までができるようになります。"
製造 > 品質管理,50,品質管理プログラム【中級】Ⅰ_食品加工,職能別,品質管理プログラム【中級】Ⅰ,120,"製造現場での経験が既にある方に対応した中級者向け研修
・平均値とメディアン
・ばらつきの範囲について
・QC７つ道具
・パレート図について","製造現場での経験がある人を対象としています。
データを判断する際に必要とされる中心位置の知識、ばらつきの範囲を理解した上で、品質で覚えておきたいQC7つ道具について学びます。この講座ではパレート図の具体的な作成方法も学ぶことができます。
初級では、データを読む力・考える力を身につけさせることが出来ました。中級ではそれを改善する方法を学習していきます。データを見て判断できる知識を身につけ、改善に欠かすことができないパレート図の作成までができるようになります。"
製造 > 品質管理,51,品質管理プログラム【中級】Ⅰ_電気・電子部品,職能別,品質管理プログラム【中級】Ⅰ,120,"製造現場での経験が既にある方に対応した中級者向け研修
・平均値とメディアン
・ばらつきの範囲について
・QC７つ道具
・パレート図について","製造現場での経験がある人を対象としています。
データを判断する際に必要とされる中心位置の知識、ばらつきの範囲を理解した上で、品質で覚えておきたいQC7つ道具について学びます。この講座ではパレート図の具体的な作成方法も学ぶことができます。
初級では、データを読む力・考える力を身につけさせることが出来ました。中級ではそれを改善する方法を学習していきます。データを見て判断できる知識を身につけ、改善に欠かすことができないパレート図の作成までができるようになります。"
製造 > 品質管理,52,品質管理プログラム【中級】Ⅰ_組立作業,職能別,品質管理プログラム【中級】Ⅰ,120,"製造現場での経験が既にある方に対応した中級者向け研修
・平均値とメディアン
・ばらつきの範囲について
・QC７つ道具
・パレート図について","製造現場での経験がある人を対象としています。
データを判断する際に必要とされる中心位置の知識、ばらつきの範囲を理解した上で、品質で覚えておきたいQC7つ道具について学びます。この講座ではパレート図の具体的な作成方法も学ぶことができます。
初級では、データを読む力・考える力を身につけさせることが出来ました。中級ではそれを改善する方法を学習していきます。データを見て判断できる知識を身につけ、改善に欠かすことができないパレート図の作成までができるようになります。"
製造 > 品質管理,53,品質管理プログラム【中級】Ⅰ_自動車製造,職能別,品質管理プログラム【中級】Ⅰ,120,"製造現場での経験が既にある方に対応した中級者向け研修
・平均値とメディアン
・ばらつきの範囲について
・QC７つ道具
・パレート図について","製造現場での経験がある人を対象としています。
データを判断する際に必要とされる中心位置の知識、ばらつきの範囲を理解した上で、品質で覚えておきたいQC7つ道具について学びます。この講座ではパレート図の具体的な作成方法も学ぶことができます。
初級では、データを読む力・考える力を身につけさせることが出来ました。中級ではそれを改善する方法を学習していきます。データを見て判断できる知識を身につけ、改善に欠かすことができないパレート図の作成までができるようになります。"
製造 > 品質管理,54,品質管理プログラム【上級】Ⅰ_機械加工,職能別,品質管理プログラム【上級】Ⅰ,120,"製造現場での経験が既にある方に対応した上級者向け研修
・品質管理プログラムを導入と推進
・品質の管理の推進・方針管理と標準化
・工程管理の流れ","製造現場で経験があり、職場におけるリーダー的な役割を果たす人を対象としています。品質を確保するために必要な品質管理プログラムを実施することで自分だけでなく周囲にも良い影響を与えることができる方法を学びます。組織としての品質確保を実現するために知っておきたい内容です。
品質において、問題と改善、工程の管理・改善、こちらを学ばせることが派遣スタッフという立場から、社員という立場に変化するための重要な知識だと考えます。
社員でもここまで知識があるかどうかわからない部分を学ばせることが社内で大きな役割を果たしてくれることを期待し、またスタッフ1人1人の大きな自信へと繋がっていくことがキャリアアップに繋がると考えています。"
製造 > 品質管理,55,品質管理プログラム【上級】Ⅰ_食品加工,職能別,品質管理プログラム【上級】Ⅰ,120,"製造現場での経験が既にある方に対応した上級者向け研修
・品質管理プログラムを導入と推進
・品質の管理の推進・方針管理と標準化
・工程管理の流れ","製造現場で経験があり、職場におけるリーダー的な役割を果たす人を対象としています。品質を確保するために必要な品質管理プログラムを実施することで自分だけでなく周囲にも良い影響を与えることができる方法を学びます。組織としての品質確保を実現するために知っておきたい内容です。
品質において、問題と改善、工程の管理・改善、こちらを学ばせることが派遣スタッフという立場から、社員という立場に変化するための重要な知識だと考えます。
社員でもここまで知識があるかどうかわからない部分を学ばせることが社内で大きな役割を果たしてくれることを期待し、またスタッフ1人1人の大きな自信へと繋がっていくことがキャリアアップに繋がると考えています。"
製造 > 品質管理,56,品質管理プログラム【上級】Ⅰ_電気・電子部品,職能別,品質管理プログラム【上級】Ⅰ,120,"製造現場での経験が既にある方に対応した上級者向け研修
・品質管理プログラムを導入と推進
・品質の管理の推進・方針管理と標準化
・工程管理の流れ","製造現場で経験があり、職場におけるリーダー的な役割を果たす人を対象としています。品質を確保するために必要な品質管理プログラムを実施することで自分だけでなく周囲にも良い影響を与えることができる方法を学びます。組織としての品質確保を実現するために知っておきたい内容です。
品質において、問題と改善、工程の管理・改善、こちらを学ばせることが派遣スタッフという立場から、社員という立場に変化するための重要な知識だと考えます。
社員でもここまで知識があるかどうかわからない部分を学ばせることが社内で大きな役割を果たしてくれることを期待し、またスタッフ1人1人の大きな自信へと繋がっていくことがキャリアアップに繋がると考えています。"
製造 > 品質管理,57,品質管理プログラム【上級】Ⅰ_組立作業,職能別,品質管理プログラム【上級】Ⅰ,120,"製造現場での経験が既にある方に対応した上級者向け研修
・品質管理プログラムを導入と推進
・品質の管理の推進・方針管理と標準化
・工程管理の流れ","製造現場で経験があり、職場におけるリーダー的な役割を果たす人を対象としています。品質を確保するために必要な品質管理プログラムを実施することで自分だけでなく周囲にも良い影響を与えることができる方法を学びます。組織としての品質確保を実現するために知っておきたい内容です。
品質において、問題と改善、工程の管理・改善、こちらを学ばせることが派遣スタッフという立場から、社員という立場に変化するための重要な知識だと考えます。
社員でもここまで知識があるかどうかわからない部分を学ばせることが社内で大きな役割を果たしてくれることを期待し、またスタッフ1人1人の大きな自信へと繋がっていくことがキャリアアップに繋がると考えています。"
製造 > 品質管理,58,品質管理プログラム【上級】Ⅰ_自動車製造,職能別,品質管理プログラム【上級】Ⅰ,120,"製造現場での経験が既にある方に対応した上級者向け研修
・品質管理プログラムを導入と推進
・品質の管理の推進・方針管理と標準化
・工程管理の流れ","製造現場で経験があり、職場におけるリーダー的な役割を果たす人を対象としています。品質を確保するために必要な品質管理プログラムを実施することで自分だけでなく周囲にも良い影響を与えることができる方法を学びます。組織としての品質確保を実現するために知っておきたい内容です。
品質において、問題と改善、工程の管理・改善、こちらを学ばせることが派遣スタッフという立場から、社員という立場に変化するための重要な知識だと考えます。
社員でもここまで知識があるかどうかわからない部分を学ばせることが社内で大きな役割を果たしてくれることを期待し、またスタッフ1人1人の大きな自信へと繋がっていくことがキャリアアップに繋がると考えています。"
製造 > 製造のプロシリーズ,59,製造のプロを目指す人のための 機械加工,,,120,,
製造 > 製造のプロシリーズ,60,製造のプロを目指す人のための めっき加工,,,120,,
製造 > 製造のプロシリーズ,61,製造のプロを目指す人のための 旋盤,,,60,,
製造 > 製造のプロシリーズ,62,製造のプロを目指す人のための 電気・電子部品,,,60,,
製造 > 製造のプロシリーズ,63,製造のプロを目指す人のための プレス加工・プラスチック（樹脂）成形,,,60,,
製造 > 製造のプロシリーズ,64,製造のプロを目指す人のための 食品加工Ⅰ,,,60,,
製造 > 製造のプロシリーズ,65,製造のプロを目指す人のための 食品加工Ⅱ,,,60,,
製造 > 製造のプロシリーズ,66,製造のプロを目指す人のための 旋盤Ⅱ　,,,60,,
製造 > 製造のプロシリーズ,67,製造のプロを目指す人のための 電気・電子部品Ⅱ 〜中級者向け 電子部品の役割と種類〜,,,60,,
製造 > 製造のプロシリーズ,68,製造のプロを目指す人のための プレス加工・プラスチック（樹脂）成形Ⅱ～中級者向け　プレス・プラスチック成形の知識を高める～,,,60,,
製造 > 製造のプロシリーズ,69,製造のプロを目指す人のための 自動車製造Ⅰ～自動車工場の各工程と活躍するために～,,,120,,
製造 > 製造のプロシリーズ,70,製造のプロを目指す人のための 自動車製造Ⅱ～自動車組立工程の仕事と効率向上の基本～,,,120,,
製造 > 衛生管理,71,衛生管理講座　工場編～衛生管理で労働災害を無くす～,職能別,"衛生管理講座　工場編
～衛生管理で労働災害を無くす～",60,"食品加工においての注意点を学び、リーダーとして活躍できるようになる講座
・一歩上を目指すために必要な事
・点検すべきところ
・人を育成すること","「製造のプロを目指す人のための 食品加工Ⅰ」を学んだ方が対象となる講座です。食品加工の基礎を学んだ上で、さらに職場での注意点など幅広く学ぶことが出来ます。
また、食品加工において「人を育成すること」も学ぶことで、リーダーの気持ちを汲み取れるようになり、また、リーダーとして自身も活躍できるようキャリアップに繋がる講座です。
一歩上を目指すために、生産管理や生産性の向上の方法を学ぶことができます。これにより、作業そのものの効率が上がり、全体を見渡せるようになります。
また、「点検すべきところ」では、人の動き・物の動き・空気の動きなどひとつひとつを取り出して詳しく説明してあり、より深く理解できる内容になっています。"
製造 > 衛生管理,72,衛生管理講座　食品編～食品の安全を守る～,職能別,"衛生管理講座　食品編
～食品の安全を守る～",60,"食品の安全を守るために必要なことを身につけることができる
・異物混入の危険を避けるために
・原材料を安全に受け入れるために
・食品の安全を守るために","お客様に安心をしていただけるような安全な食品を作るためには、どのように行動すべきかを学べる講座となっています。異物混入を避けるために作業場で行うべきこと、受け入れ検品の際に確認する項目などをわかりやすく学べます。
食品を扱うにあたり、あってはいけないのが「異物混入」になります。これを踏まえ、工場への入場時に気をつけること、工場内に持っていってはいけない物、検品時の注意点など一連の流れを学ぶことができ、スキルアップに繋がります。"
物流,73,よくわかる！ロジスティクス入門 Ⅰ,職能別,"よくわかる！ロジスティクス入門Ⅰ
(日本語・英語・ポルトガル語)",120,"物流の役割等の基礎を学ぶことができる講座
・物流とその役割
・物流の種類
・物流の機能","物流は非常に身近なものです。身近にあるものですが、その仕事内容は意外と知られていません。物流関係で仕事をするために知っておきたい物流の基礎を、この講座で学ぶことができます。まず物流の役割、物流の種類、物流の機能を通して、物流とはどのようなものであるかを理解する内容になっています。
物流の役割や種類や機能を学ぶことで物流で行うべき仕事の重要を理解することができます。物流の役割などを理解することは物流での仕事に求められることを理解することにつながります。物流の基礎理解は仕事に対する考え方につながります。"
物流,74,よくわかる！ロジスティクス入門 Ⅱ,職能別,"よくわかる！ロジスティクス入門Ⅱ
(日本語・英語・ポルトガル語)",120,"物流センターの特徴を含めた仕事をする上で役立つ内容
・物流センターの役割
・取扱商品による物流センターの特徴
・物流センターで使われる用語","物流センターの役割を中心に学ぶことができる内容になっています。取扱商品によって物流センターにも特徴があります。その特徴を理解ができる内容です。物流の現場で働く上でよく使われる用語などを解説した内容も含まれており、物流業界で働くためには学んでおきたい内容です。
物流センターの役割や取扱商品による特徴を理解することで物流センターでの仕事内容をイメージしやすくなります。また、よく使われる用語を理解できるため、現場での戸惑いが少なくなりスムーズな仕事につながります。"
物流,75,よくわかる！ロジスティクス入門 Ⅲ,職能別,"よくわかる！ロジスティクス入門Ⅲ
(日本語・英語・ポルトガル語)",120,"物流センターで多く行われている仕事内容を理解することができる
・物流センターでの行動
・荷役の仕事
・検品とピッキング","物流センターでの行動や仕事を学ぶことができる内容になっています。物流センターでするべき行動や荷役の仕事内容、検品やピッキングの仕事内容が中心です。物流のお仕事の中でも比較的多いものです。それぞれのお仕事のやり方や注意点などは学んでおきたい内容です。
物流センターで行われる仕事の意味とやり方を理解することで仕事をする意味などを理解することができます。やり方の知識を持っていることで実施時の注意事項などがイメージできるため、スムーズな仕事をすることができます。それが個人の評価につながります。"
物流,76,よくわかる！ロジスティクス入門 Ⅳ,職能別,"よくわかる！ロジスティクス入門Ⅳ
(日本語・英語・ポルトガル語)",120,"物流センターでのよい評価につながる内容を学ぶことができる
・出荷業務
・保管業務
・流通加工","物流センターでの行動や仕事を学ぶことができる内容になっています。出荷業務、保管業務や流通加工の内容を中心に学ぶことができます。物流センターではどれも大切な業務です。これらの内容を理解している人は物流センターにとっても重宝される人材になる内容です。
出荷、保管、流通加工は物流センターにとって重要な業務の1つです。これらの内容を理解している派遣スタッフは少ないのが現状です。作業の目的と内容を理解している派遣スタッフは貴重な人材として良い評価につながります。"
物流,77,倉庫作業で活躍するためのステップアップ講座Ⅰ,職能別,"倉庫作業で活躍するための
ステップアップ講座Ⅰ",120,"倉庫内作業の基礎を学ぶことができる
・倉庫内作業とは
・ピッキング
・流通加工、梱包、倉庫の温度管理","物流センターや倉庫で働いている方、これから働く方々に向けた講座です。物流センターや倉庫などでどのような作業が行われているのかを理解できる内容になっています。倉庫内作業でよくある「ピッキング」や「流通加工」の流れや、現場でよく使われている言葉についての解説も含む講座になっています。
倉庫内作業は、ただ業務をしているだけではキャリアアップに繋がりにくい仕事です。まずは、それぞれの仕事がどのような仕組みになっているのかを知ることが必要です。状況による適切な作業方法を知ることにより、業務内容をより理解をしながら進めることができます。
倉庫内作業の奥深さを知り、作業に活かすことができる内容になっています。"
物流,78,倉庫作業で活躍するためのステップアップ講座Ⅱ,職能別,"倉庫作業で活躍するための
ステップアップ講座Ⅱ",120,"業種・業界別の特徴を理解できる
・色々な業種における作業①
・色々な業種における作業②、保管方法の選択方法
・業界別の特徴、安全に仕事をするために","「ゼロから始める倉庫内作業Ⅰ」を学んだ方が対象となる講座です。既に学んだ内容を元に、業種別や業界別の特徴を理解することができます。作業の流れと共にどのような点に気をつけるべきであるのかなどを学びます。
怪我をせずに仕事をするために必要な行動なども含まれています。
倉庫内でおこなう作業の基本は同じであっても注意する点などは異なります。業種や業界によって異なる点を理解することで作業の意味や気をつける点を学びます。
それらの知識を元に実際の仕事をすることにより、知識を活かし、周囲に認められやすくなります。キャリアを積んでいく中で必要な知識です。"
物流,79,基本から学ぶキャリアアップ研修～トラックドライバー向け講座～,職能別,"基本から学ぶキャリアアップ研修
～トラックドライバー向け講座～",240,"トラックドライバーに必要な知識を学べ、ドライバー指導も行うことができるようになる講座
・基礎知識
・トラックの危険性
・運転、接遇マナー
・違反、事故
・交差点事故
・健康管理","トラックドライバーに必要な知識、トラックの構造から、運転の安全を確保するためのルールや運転についてのリスク、など詳しく説明しドライバーとしての心構えを取りまとめた講座です。
ドライバーの運転知識だけではなく、安全運転のために必要な運転技術、法令に基づく遵守べき事項についても知ることで、現場のリーダーとしてドライバー指導を行うなどキャリアアップに繋がることも目的としています。"
リーダースキル,80,職長教育における重要ポイント解説講座 Ⅰ,階層別,"職長教育における重要
ポイント解説講座Ⅰ",120,"・職長の役割と作業手順
・作業手順の作成
・適正配置と指導・教育","製造現場での経験が長く職場のリーダーとして活躍する
人を対象とする講座です。職長の役割と作業手順の作成、適正配置、指導・教育について学びます。
教えられる立場から教える立場への意識付けになり、教える立場の考えを理解することが、職場の動き方により変化させることが出来、自身からキャリアアップしたいと考え方を変化させることが出来ます。
この意識付けがキャリアアップへ繋がっていきます。"
リーダースキル,81,職長教育における重要ポイント解説講座 Ⅱ,階層別,"職長教育における重要
ポイント解説講座Ⅱ",120,"・指導、教育と監督、指示
・危険性、有害性の確認方法
・改善と管理","製造現場での経験が長く職場のリーダーとして活躍する
人を対象とする講座です。指導・教育、監督・指示、危険性・有害性の確認方法、改善と管理について学びます。職長として必要な知識と具体的な手法を学ぶことができます。
指導や改善の方法などは職長の知識と必要不可欠なものです。具体的な手法を学ぶことで職場での指導や改善を進めることができるようになります。作業者よりも高いレベルで仕事をできる土壌を作ることができます。"
リーダースキル,82,ブルーワーカー向けの キャリアアップに繋がる資格紹介,,,60,,
リーダースキル,83,現場リーダー教育【初級】①_2020更新,階層別,現場リーダー教育【初級】,120,"現場リーダーとしてこれから目指す方向けの研修
・現場リーダーイメージと必要スキル
・現場リーダーが貢献できる効果
・ダメなリーダーの場合には
・問題を根本から解決できる力
・指導力とリーダーシップ","現場リーダーとして仕事をしている、もしくはこれから現場リーダーになっていく人を対象とする講座です。
現場リーダーの役割から現場リーダーに必要な知識・スキルは何かを理解し具体的な方法を学びます。
リーダーになる存在がどのような存在なのかを理解させる講座となっており、リーダーになりたくてもなれないと思っている方に、ここまで知っておけば良いと分かりやすく抽象的に伝えることが出来ます。又、リーダーの方でも、ここまでは最低理解しなければという意識を改善させることも出来ます。リーダーとして何が大切かをわかりやすく説明することが大切だと考えています。"
リーダースキル,84,現場リーダー教育【初級】②_2020更新,階層別,現場リーダー教育【初級】,120,"現場リーダーとしてこれから目指す方向けの研修
・現場リーダーイメージと必要スキル
・現場リーダーが貢献できる効果
・ダメなリーダーの場合には
・問題を根本から解決できる力
・指導力とリーダーシップ","現場リーダーとして仕事をしている、もしくはこれから現場リーダーになっていく人を対象とする講座です。
現場リーダーの役割から現場リーダーに必要な知識・スキルは何かを理解し具体的な方法を学びます。
リーダーになる存在がどのような存在なのかを理解させる講座となっており、リーダーになりたくてもなれないと思っている方に、ここまで知っておけば良いと分かりやすく抽象的に伝えることが出来ます。又、リーダーの方でも、ここまでは最低理解しなければという意識を改善させることも出来ます。リーダーとして何が大切かをわかりやすく説明することが大切だと考えています。"
リーダースキル,85,現場リーダー教育【中級】_2020更新,階層別,現場リーダー教育【中級】,120,"現場リーダーの経験がある方向けの中級者向け研修
・モチベーション
・タイムマネジメント
・効果的な指導方法","現場リーダー教育【初級】①②を受講した方が対象になる講座です。現場で忙しい中でリーダーとして活躍するための少し高度な内容について学びます。リーダーとして知っておくべきモチベーション、時間を上手に使うタイムマネジメント、人が物事を習得する仕組みとその指導方法について学びます。
現場でのリーダーに大切な、自身のマネジメント能力と、部下のマネジメント能力を向上させることだと考えており、こちらのマネジメント能力を向上させることで、生産性を向上させることが出来ると考えています。指導能力を向上させるためにも、必要な研修だと考え、更に、現状のリーダーという役職から更なる上の役職を目指してほしいと考えています。"
リーダースキル,86,現場リーダー教育【上級】_2020更新,階層別,現場リーダー教育【上級】,120,"現場リーダーの経験が豊富にある、上級者向けの研修
・現場の見える化と原価管理
・KPIによる見える化
・現場作業管理による見える化","現場リーダー教育①②、現場リーダー教育中級を受講した方が対象になる講座です。現場リーダーとして現場を適切に管理すると共により良くするために必要な「見える化」について学びます。見える化に関する視点と
その具体的な考え方、方法を学びます。
「KPI」や「現場の原価管理」について、派遣スタッフが学ぶのは、少しレベルが高いかもしれませんが、ここまで考えることが出来る派遣スタッフを育成することで、社員になった際、すぐに活躍できるスタッフとして迎えいれることが出来ます。それは、派遣元・派遣先、両社のメリットへとつなぐことが出来、何よりも派遣という立場から社員という立場でスキルアップを図れます。"
翻訳講座 > 英語,87,Human skills courseⅠ （ヒューマンスキル講座 英語版Ⅰ）,,,240,,
翻訳講座 > 英語,88,Human skills courseⅡ （ヒューマンスキル講座 英語版Ⅱ）,,,240,,
翻訳講座 > 英語,89,Making Things Instruction Program 【Basic】 Ⅰ　（ものづくり教育プログラム【初級】Ⅰ　英語版）,職能別,ものづくり教育プログラム【初級】,120,"初めて製造のお仕事に就く方向けの研修内容
・「ものをつくる」価値について
・「品質（QCD）」とは
・製造現場でなぜモラルが必要か
・生産性とはなにか
・コスト意識はなぜ大切か
・納期を守ることの必要性","初めて製造のお仕事に就く方向けの講座です。「ものをつくる」に当たって必要な心構えや考え方の知識を身につけることができる内容です。本講座では心構えや考え方のうち、「ものづくりの価値」「安全」「品質」について学びます。いずれの項目も、ものづくりをする人は知っておきたい内容です。
入社時のOJT研修とは違い、「ものをつくる」意味を考えることを意識させる研修内容となっています。ものづくりの楽しさ、考えるべき点を学ぶことができます。価値を理解することで、仕事に対する派遣社員の方々が意欲に繋がり、責任感に繋がる研修効果を期待しています。"
翻訳講座 > 英語,90,Making Things Instruction Program 【Basic】 Ⅱ　（ものづくり教育プログラム【初級】Ⅱ　英語版）,職能別,ものづくり教育プログラム【初級】,120,"初めて製造のお仕事に就く方向けの研修内容
・「ものをつくる」価値について
・「品質（QCD）」とは
・製造現場でなぜモラルが必要か
・生産性とはなにか
・コスト意識はなぜ大切か
・納期を守ることの必要性","初めて製造のお仕事に就く方向けの講座です。「ものをつくる」に当たって必要な心構えや考え方の知識を身につけることができる内容です。本講座では心構えや考え方のうち、「ものづくりの価値」「安全」「品質」について学びます。いずれの項目も、ものづくりをする人は知っておきたい内容です。
入社時のOJT研修とは違い、「ものをつくる」意味を考えることを意識させる研修内容となっています。ものづくりの楽しさ、考えるべき点を学ぶことができます。価値を理解することで、仕事に対する派遣社員の方々が意欲に繋がり、責任感に繋がる研修効果を期待しています。"
翻訳講座 > 英語,91,Making Things Instruction Program 【intermediate】 Ⅰ　（ものづくり教育プログラム【中級】Ⅰ　英語版）,職能別,ものづくり教育プログラム【中級】,120,"「ものづくり」に携わる仕事に就いている方向けの研修内容
・安全管理のポイント
・QC７つ道具
・職場のモラル向上は？
・標準時間を意識しよう
・原価を考えた行動とは
・納期管理とは","「ものづくり」の職種についたことがある方に対応した中級者向けの講座です。安全を管理して安全を作っていく方法や、質管理の種類や考え方、モラルをどのように広げていくのかなど、一歩進んだ講座です。生産性を向上させるための工夫、職場で必要とされているコスト、納期では生産で欠かすことができないリードタイムを学びます。これらの内容で効率よく無駄のない生産を実施する基礎となります。
自分だけではなく他人を巻き込んだ仕事はステップアップしていくためには必要不可欠です。他人を巻き込むことを学び実践することで今以上に高いレベルの仕事を目指します。ものをつくるだけから一歩進んだ力をつけることで派遣先にとって必要不可欠な人材として活躍していただくことを目的としています。"
翻訳講座 > 英語,92,Making Things Instruction Program 【intermediate】 Ⅱ　（ものづくり教育プログラム【中級】Ⅱ　英語版）,職能別,ものづくり教育プログラム【中級】,120,"「ものづくり」に携わる仕事に就いている方向けの研修内容
・安全管理のポイント
・QC７つ道具
・職場のモラル向上は？
・標準時間を意識しよう
・原価を考えた行動とは
・納期管理とは","「ものづくり」の職種についたことがある方に対応した中級者向けの講座です。安全を管理して安全を作っていく方法や、質管理の種類や考え方、モラルをどのように広げていくのかなど、一歩進んだ講座です。生産性を向上させるための工夫、職場で必要とされているコスト、納期では生産で欠かすことができないリードタイムを学びます。これらの内容で効率よく無駄のない生産を実施する基礎となります。
自分だけではなく他人を巻き込んだ仕事はステップアップしていくためには必要不可欠です。他人を巻き込むことを学び実践することで今以上に高いレベルの仕事を目指します。ものをつくるだけから一歩進んだ力をつけることで派遣先にとって必要不可欠な人材として活躍していただくことを目的としています。"
翻訳講座 > 英語,93,Making Things Instruction Program 【advanced】Ⅰ_2019更新（ものづくり教育プログラム【上級】Ⅰ　英語版）,職能別,ものづくり教育プログラム【上級】,120,"「ものづくり」の職種経験者向けの上級者向けの研修
・安全管理の展開
・品質向上試作
・モラル向上のための改善方法
・動作分析で生産性を向上する
・損益分岐点
・進捗管理","ある程度の製造現場経験がある方に対して、「ものづくり」において、責任感を持つことが出来、確実にスキルアップにつながる講座です。知識だけではなく、改善方法をどのように考えていくのか、安全管理の仕方、品質向上のため必要な人づくり、品質向上のサイクル、モラル改善のために必要な環境変化の方法を学びます。
リーダーになるための研修というよりは、リーダーになった際のより知識力をつける研修になります。管理者もしくは、社員になるために不可欠な知識を持つことで、役職を上げるもしくは給与アップするために、大きなステップアップになる研修だと考えており、キャリアアップするために「ここまで知っておきたい」という意識改革に繋がると考えています。"
翻訳講座 > 英語,94,Making Things Instruction Program 【advanced】Ⅱ_2019更新（ものづくり教育プログラム【上級】Ⅱ　英語版）,職能別,ものづくり教育プログラム【上級】,120,"「ものづくり」の職種経験者向けの上級者向けの研修
・安全管理の展開
・品質向上試作
・モラル向上のための改善方法
・動作分析で生産性を向上する
・損益分岐点
・進捗管理","ある程度の製造現場経験がある方に対して、「ものづくり」において、責任感を持つことが出来、確実にスキルアップにつながる講座です。知識だけではなく、改善方法をどのように考えていくのか、安全管理の仕方、品質向上のため必要な人づくり、品質向上のサイクル、モラル改善のために必要な環境変化の方法を学びます。
リーダーになるための研修というよりは、リーダーになった際のより知識力をつける研修になります。管理者もしくは、社員になるために不可欠な知識を持つことで、役職を上げるもしくは給与アップするために、大きなステップアップになる研修だと考えており、キャリアアップするために「ここまで知っておきたい」という意識改革に繋がると考えています。"
翻訳講座 > 英語,95,Quality Control Program 【Basic】 Ⅰ　（品質管理プログラム【初級】Ⅰ　英語版）,職能別,品質管理プログラム【初級】,120,"「品質」とは、何であるのかの根本から品質を
　維持・向上させるための考え方や手法を学ぶ研修
　・品質と管理
・品質と特性
・消費者目線の品質
・管理とは
・対策、維持、改善
・品質データと母集団
・データと不具合要因
・品質のばらつき
・データの種類
・サンプリングと誤差
・データの記録と作成
・データの活用","品質はものづくりでは欠かすことができないことです。職場において品質をじっくりと学ぶ機会は多くありません。本講座では品質とは何かから始まり、消費者目線の品質まで理解することができる講座です。
品質の理解を通して、業務における行動の変化を促す契機にもつながります。
QC検定を受けたい方には、まず最初に学ぶには相応しい研修内容となっております。QC検定受ける予定がない方でもQC検定を受けて、キャリアアップを目指そうという意識改革を促すことが出来ます。どうしても現場で伝えられない部分を、キャリアアップ教育で実施することで、派遣スタッフの考え方や意識を向上させることができます。
データの正しい取り方や記録を残す意味、データをどのように活用するかを理解することでデータの重要性を理解して職場における品質向上を実現できる人材へ一歩近くことができます。より高いレベルへ一歩を踏み出す大切な知識を得ることができます。"
翻訳講座 > 英語,96,Quality Control Program 【Basic】 Ⅱ　（品質管理プログラム【初級】Ⅱ　英語版）,職能別,品質管理プログラム【初級】,120,"「品質」とは、何であるのかの根本から品質を
　維持・向上させるための考え方や手法を学ぶ研修
　・品質と管理
・品質と特性
・消費者目線の品質
・管理とは
・対策、維持、改善
・品質データと母集団
・データと不具合要因
・品質のばらつき
・データの種類
・サンプリングと誤差
・データの記録と作成
・データの活用","品質はものづくりでは欠かすことができないことです。職場において品質をじっくりと学ぶ機会は多くありません。本講座では品質とは何かから始まり、消費者目線の品質まで理解することができる講座です。
品質の理解を通して、業務における行動の変化を促す契機にもつながります。
QC検定を受けたい方には、まず最初に学ぶには相応しい研修内容となっております。QC検定受ける予定がない方でもQC検定を受けて、キャリアアップを目指そうという意識改革を促すことが出来ます。どうしても現場で伝えられない部分を、キャリアアップ教育で実施することで、派遣スタッフの考え方や意識を向上させることができます。
データの正しい取り方や記録を残す意味、データをどのように活用するかを理解することでデータの重要性を理解して職場における品質向上を実現できる人材へ一歩近くことができます。より高いレベルへ一歩を踏み出す大切な知識を得ることができます。"
翻訳講座 > 英語,97,Education of the Site Leader 【Basic】① 　（現場リーダー教育【初級】①　英語版）,階層別,現場リーダー教育【初級】,120,"現場リーダーとしてこれから目指す方向けの研修
・現場リーダーイメージと必要スキル
・現場リーダーが貢献できる効果
・ダメなリーダーの場合には
・問題を根本から解決できる力
・指導力とリーダーシップ","現場リーダーとして仕事をしている、もしくはこれから現場リーダーになっていく人を対象とする講座です。
現場リーダーの役割から現場リーダーに必要な知識・スキルは何かを理解し具体的な方法を学びます。
リーダーになる存在がどのような存在なのかを理解させる講座となっており、リーダーになりたくてもなれないと思っている方に、ここまで知っておけば良いと分かりやすく抽象的に伝えることが出来ます。又、リーダーの方でも、ここまでは最低理解しなければという意識を改善させることも出来ます。リーダーとして何が大切かをわかりやすく説明することが大切だと考えています。"
翻訳講座 > 英語,98,Education of the Site Leader 【Basic】②　（現場リーダー教育【初級】②　英語版）,階層別,現場リーダー教育【初級】,120,"現場リーダーとしてこれから目指す方向けの研修
・現場リーダーイメージと必要スキル
・現場リーダーが貢献できる効果
・ダメなリーダーの場合には
・問題を根本から解決できる力
・指導力とリーダーシップ","現場リーダーとして仕事をしている、もしくはこれから現場リーダーになっていく人を対象とする講座です。
現場リーダーの役割から現場リーダーに必要な知識・スキルは何かを理解し具体的な方法を学びます。
リーダーになる存在がどのような存在なのかを理解させる講座となっており、リーダーになりたくてもなれないと思っている方に、ここまで知っておけば良いと分かりやすく抽象的に伝えることが出来ます。又、リーダーの方でも、ここまでは最低理解しなければという意識を改善させることも出来ます。リーダーとして何が大切かをわかりやすく説明することが大切だと考えています。"
翻訳講座 > 英語,99,Education of the Site Leader 【intermediate】（現場リーダー教育【中級】英語版）,階層別,現場リーダー教育【中級】,120,"現場リーダーの経験がある方向けの中級者向け研修
・モチベーション
・タイムマネジメント
・効果的な指導方法","現場リーダー教育【初級】①②を受講した方が対象になる講座です。現場で忙しい中でリーダーとして活躍するための少し高度な内容について学びます。リーダーとして知っておくべきモチベーション、時間を上手に使うタイムマネジメント、人が物事を習得する仕組みとその指導方法について学びます。
現場でのリーダーに大切な、自身のマネジメント能力と、部下のマネジメント能力を向上させることだと考えており、こちらのマネジメント能力を向上させることで、生産性を向上させることが出来ると考えています。指導能力を向上させるためにも、必要な研修だと考え、更に、現状のリーダーという役職から更なる上の役職を目指してほしいと考えています。"
翻訳講座 > 英語,100,Education of the Site Leader 【advanced】（現場リーダー教育【上級】英語版）,階層別,現場リーダー教育【上級】,120,"現場リーダーの経験が豊富にある、上級者向けの研修
・現場の見える化と原価管理
・KPIによる見える化
・現場作業管理による見える化","現場リーダー教育①②、現場リーダー教育中級を受講した方が対象になる講座です。現場リーダーとして現場を適切に管理すると共により良くするために必要な「見える化」について学びます。見える化に関する視点と
その具体的な考え方、方法を学びます。
「KPI」や「現場の原価管理」について、派遣スタッフが学ぶのは、少しレベルが高いかもしれませんが、ここまで考えることが出来る派遣スタッフを育成することで、社員になった際、すぐに活躍できるスタッフとして迎えいれることが出来ます。それは、派遣元・派遣先、両社のメリットへとつなぐことが出来、何よりも派遣という立場から社員という立場でスキルアップを図れます。"
翻訳講座 > 英語,101,Easy-to-follow! Logistics primer I（よくわかる！ロジスティクス入門Ⅰ　英語版）,,,120,,
翻訳講座 > 英語,102,Easy-to-follow! Logistics primer Ⅱ（よくわかる！ロジスティクス入門Ⅱ　英語版）,,,120,,
翻訳講座 > 英語,103,Easy-to-follow! Logistics primer Ⅲ（よくわかる！ロジスティクス入門Ⅲ　英語版）,,,120,,
翻訳講座 > 英語,104,Easy-to-follow! Logistics primer Ⅳ（よくわかる！ロジスティクス入門Ⅳ　英語版）,,,120,,
翻訳講座 > ポルトガル語,105,Curso de habilidades humanasⅠ （ヒューマンスキル講座 ポルトガル語版Ⅰ）,,,240,,
翻訳講座 > ポルトガル語,106,Curso de habilidades humanasⅡ （ヒューマンスキル講座 ポルトガル語版Ⅱ）,,,240,,
翻訳講座 > ポルトガル語,107,Programa de Educação de Fabricação 【Básico】I　（ものづくり教育プログラム【初級】Ⅰ　ポルトガル語版）,職能別,ものづくり教育プログラム【初級】,120,"初めて製造のお仕事に就く方向けの研修内容
・「ものをつくる」価値について
・「品質（QCD）」とは
・製造現場でなぜモラルが必要か
・生産性とはなにか
・コスト意識はなぜ大切か
・納期を守ることの必要性","初めて製造のお仕事に就く方向けの講座です。「ものをつくる」に当たって必要な心構えや考え方の知識を身につけることができる内容です。本講座では心構えや考え方のうち、「ものづくりの価値」「安全」「品質」について学びます。いずれの項目も、ものづくりをする人は知っておきたい内容です。
入社時のOJT研修とは違い、「ものをつくる」意味を考えることを意識させる研修内容となっています。ものづくりの楽しさ、考えるべき点を学ぶことができます。価値を理解することで、仕事に対する派遣社員の方々が意欲に繋がり、責任感に繋がる研修効果を期待しています。"
翻訳講座 > ポルトガル語,108,Programa de Educação de Fabricação 【Básico】Ⅱ　（ものづくり教育プログラム【初級】Ⅱ　ポルトガル語版）,職能別,ものづくり教育プログラム【初級】,120,"初めて製造のお仕事に就く方向けの研修内容
・「ものをつくる」価値について
・「品質（QCD）」とは
・製造現場でなぜモラルが必要か
・生産性とはなにか
・コスト意識はなぜ大切か
・納期を守ることの必要性","初めて製造のお仕事に就く方向けの講座です。「ものをつくる」に当たって必要な心構えや考え方の知識を身につけることができる内容です。本講座では心構えや考え方のうち、「ものづくりの価値」「安全」「品質」について学びます。いずれの項目も、ものづくりをする人は知っておきたい内容です。
入社時のOJT研修とは違い、「ものをつくる」意味を考えることを意識させる研修内容となっています。ものづくりの楽しさ、考えるべき点を学ぶことができます。価値を理解することで、仕事に対する派遣社員の方々が意欲に繋がり、責任感に繋がる研修効果を期待しています。"
翻訳講座 > ポルトガル語,109,Programa de Educação de Fabricação 【Intermediate】I　（ものづくり教育プログラム【中級】Ⅰ　ポルトガル語版） ,職能別,ものづくり教育プログラム【中級】,120,"「ものづくり」に携わる仕事に就いている方向けの研修内容
・安全管理のポイント
・QC７つ道具
・職場のモラル向上は？
・標準時間を意識しよう
・原価を考えた行動とは
・納期管理とは","「ものづくり」の職種についたことがある方に対応した中級者向けの講座です。安全を管理して安全を作っていく方法や、質管理の種類や考え方、モラルをどのように広げていくのかなど、一歩進んだ講座です。生産性を向上させるための工夫、職場で必要とされているコスト、納期では生産で欠かすことができないリードタイムを学びます。これらの内容で効率よく無駄のない生産を実施する基礎となります。
自分だけではなく他人を巻き込んだ仕事はステップアップしていくためには必要不可欠です。他人を巻き込むことを学び実践することで今以上に高いレベルの仕事を目指します。ものをつくるだけから一歩進んだ力をつけることで派遣先にとって必要不可欠な人材として活躍していただくことを目的としています。"
翻訳講座 > ポルトガル語,110,Programa de Educação de Fabricação 【Intermediate】Ⅱ （ものづくり教育プログラム【中級】Ⅱ　ポルトガル語版）,職能別,ものづくり教育プログラム【中級】,120,"「ものづくり」に携わる仕事に就いている方向けの研修内容
・安全管理のポイント
・QC７つ道具
・職場のモラル向上は？
・標準時間を意識しよう
・原価を考えた行動とは
・納期管理とは","「ものづくり」の職種についたことがある方に対応した中級者向けの講座です。安全を管理して安全を作っていく方法や、質管理の種類や考え方、モラルをどのように広げていくのかなど、一歩進んだ講座です。生産性を向上させるための工夫、職場で必要とされているコスト、納期では生産で欠かすことができないリードタイムを学びます。これらの内容で効率よく無駄のない生産を実施する基礎となります。
自分だけではなく他人を巻き込んだ仕事はステップアップしていくためには必要不可欠です。他人を巻き込むことを学び実践することで今以上に高いレベルの仕事を目指します。ものをつくるだけから一歩進んだ力をつけることで派遣先にとって必要不可欠な人材として活躍していただくことを目的としています。"
翻訳講座 > ポルトガル語,111,Programa Educacional de Fabricação 【Avançado】Ⅰ_2019更新（ものづくり教育プログラム【上級】Ⅰ　ポルトガル語版）,職能別,ものづくり教育プログラム【上級】,120,"「ものづくり」の職種経験者向けの上級者向けの研修
・安全管理の展開
・品質向上試作
・モラル向上のための改善方法
・動作分析で生産性を向上する
・損益分岐点
・進捗管理","ある程度の製造現場経験がある方に対して、「ものづくり」において、責任感を持つことが出来、確実にスキルアップにつながる講座です。知識だけではなく、改善方法をどのように考えていくのか、安全管理の仕方、品質向上のため必要な人づくり、品質向上のサイクル、モラル改善のために必要な環境変化の方法を学びます。
リーダーになるための研修というよりは、リーダーになった際のより知識力をつける研修になります。管理者もしくは、社員になるために不可欠な知識を持つことで、役職を上げるもしくは給与アップするために、大きなステップアップになる研修だと考えており、キャリアアップするために「ここまで知っておきたい」という意識改革に繋がると考えています。"
翻訳講座 > ポルトガル語,112,Programa Educacional de Fabricação 【Avançado】Ⅱ_2019更新（ものづくり教育プログラム【上級】Ⅱ　ポルトガル語版）,職能別,ものづくり教育プログラム【上級】,120,"「ものづくり」の職種経験者向けの上級者向けの研修
・安全管理の展開
・品質向上試作
・モラル向上のための改善方法
・動作分析で生産性を向上する
・損益分岐点
・進捗管理","ある程度の製造現場経験がある方に対して、「ものづくり」において、責任感を持つことが出来、確実にスキルアップにつながる講座です。知識だけではなく、改善方法をどのように考えていくのか、安全管理の仕方、品質向上のため必要な人づくり、品質向上のサイクル、モラル改善のために必要な環境変化の方法を学びます。
リーダーになるための研修というよりは、リーダーになった際のより知識力をつける研修になります。管理者もしくは、社員になるために不可欠な知識を持つことで、役職を上げるもしくは給与アップするために、大きなステップアップになる研修だと考えており、キャリアアップするために「ここまで知っておきたい」という意識改革に繋がると考えています。"
翻訳講座 > ポルトガル語,113,Programa de Controle de Qualidade 【Básico】I　（品質管理プログラム【初級】Ⅰ　ポルトガル語版）,職能別,品質管理プログラム【初級】,120,"「品質」とは、何であるのかの根本から品質を
　維持・向上させるための考え方や手法を学ぶ研修
　・品質と管理
・品質と特性
・消費者目線の品質
・管理とは
・対策、維持、改善
・品質データと母集団
・データと不具合要因
・品質のばらつき
・データの種類
・サンプリングと誤差
・データの記録と作成
・データの活用","品質はものづくりでは欠かすことができないことです。職場において品質をじっくりと学ぶ機会は多くありません。本講座では品質とは何かから始まり、消費者目線の品質まで理解することができる講座です。
品質の理解を通して、業務における行動の変化を促す契機にもつながります。
QC検定を受けたい方には、まず最初に学ぶには相応しい研修内容となっております。QC検定受ける予定がない方でもQC検定を受けて、キャリアアップを目指そうという意識改革を促すことが出来ます。どうしても現場で伝えられない部分を、キャリアアップ教育で実施することで、派遣スタッフの考え方や意識を向上させることができます。
データの正しい取り方や記録を残す意味、データをどのように活用するかを理解することでデータの重要性を理解して職場における品質向上を実現できる人材へ一歩近くことができます。より高いレベルへ一歩を踏み出す大切な知識を得ることができます。"
翻訳講座 > ポルトガル語,114,Programa de Controle de Qualidade 【Básico】Ⅱ　（品質管理プログラム【初級】Ⅱ　ポルトガル語版）,職能別,品質管理プログラム【初級】,120,"「品質」とは、何であるのかの根本から品質を
　維持・向上させるための考え方や手法を学ぶ研修
　・品質と管理
・品質と特性
・消費者目線の品質
・管理とは
・対策、維持、改善
・品質データと母集団
・データと不具合要因
・品質のばらつき
・データの種類
・サンプリングと誤差
・データの記録と作成
・データの活用","品質はものづくりでは欠かすことができないことです。職場において品質をじっくりと学ぶ機会は多くありません。本講座では品質とは何かから始まり、消費者目線の品質まで理解することができる講座です。
品質の理解を通して、業務における行動の変化を促す契機にもつながります。
QC検定を受けたい方には、まず最初に学ぶには相応しい研修内容となっております。QC検定受ける予定がない方でもQC検定を受けて、キャリアアップを目指そうという意識改革を促すことが出来ます。どうしても現場で伝えられない部分を、キャリアアップ教育で実施することで、派遣スタッフの考え方や意識を向上させることができます。
データの正しい取り方や記録を残す意味、データをどのように活用するかを理解することでデータの重要性を理解して職場における品質向上を実現できる人材へ一歩近くことができます。より高いレベルへ一歩を踏み出す大切な知識を得ることができます。"
翻訳講座 > ポルトガル語,115,Educação do líder de campo 【Básico】 ① （現場リーダー教育【初級】①　ポルトガル語版）,階層別,現場リーダー教育【初級】,120,"現場リーダーとしてこれから目指す方向けの研修
・現場リーダーイメージと必要スキル
・現場リーダーが貢献できる効果
・ダメなリーダーの場合には
・問題を根本から解決できる力
・指導力とリーダーシップ","現場リーダーとして仕事をしている、もしくはこれから現場リーダーになっていく人を対象とする講座です。
現場リーダーの役割から現場リーダーに必要な知識・スキルは何かを理解し具体的な方法を学びます。
リーダーになる存在がどのような存在なのかを理解させる講座となっており、リーダーになりたくてもなれないと思っている方に、ここまで知っておけば良いと分かりやすく抽象的に伝えることが出来ます。又、リーダーの方でも、ここまでは最低理解しなければという意識を改善させることも出来ます。リーダーとして何が大切かをわかりやすく説明することが大切だと考えています。"
翻訳講座 > ポルトガル語,116,Educação do líder de campo 【Básico】 ② （現場リーダー教育【初級】②　ポルトガル語版）,階層別,現場リーダー教育【初級】,120,"現場リーダーとしてこれから目指す方向けの研修
・現場リーダーイメージと必要スキル
・現場リーダーが貢献できる効果
・ダメなリーダーの場合には
・問題を根本から解決できる力
・指導力とリーダーシップ","現場リーダーとして仕事をしている、もしくはこれから現場リーダーになっていく人を対象とする講座です。
現場リーダーの役割から現場リーダーに必要な知識・スキルは何かを理解し具体的な方法を学びます。
リーダーになる存在がどのような存在なのかを理解させる講座となっており、リーダーになりたくてもなれないと思っている方に、ここまで知っておけば良いと分かりやすく抽象的に伝えることが出来ます。又、リーダーの方でも、ここまでは最低理解しなければという意識を改善させることも出来ます。リーダーとして何が大切かをわかりやすく説明することが大切だと考えています。"
翻訳講座 > ポルトガル語,117,Educação do líder de campo 【Intermediate】（現場リーダー教育【中級】ポルトガル語版）,階層別,現場リーダー教育【中級】,120,"現場リーダーの経験がある方向けの中級者向け研修
・モチベーション
・タイムマネジメント
・効果的な指導方法","現場リーダー教育【初級】①②を受講した方が対象になる講座です。現場で忙しい中でリーダーとして活躍するための少し高度な内容について学びます。リーダーとして知っておくべきモチベーション、時間を上手に使うタイムマネジメント、人が物事を習得する仕組みとその指導方法について学びます。
現場でのリーダーに大切な、自身のマネジメント能力と、部下のマネジメント能力を向上させることだと考えており、こちらのマネジメント能力を向上させることで、生産性を向上させることが出来ると考えています。指導能力を向上させるためにも、必要な研修だと考え、更に、現状のリーダーという役職から更なる上の役職を目指してほしいと考えています。"
翻訳講座 > ポルトガル語,118,Educação do líder de campo 【Avançado】（現場リーダー教育【上級】ポルトガル語版）,階層別,現場リーダー教育【上級】,120,"現場リーダーの経験が豊富にある、上級者向けの研修
・現場の見える化と原価管理
・KPIによる見える化
・現場作業管理による見える化","現場リーダー教育①②、現場リーダー教育中級を受講した方が対象になる講座です。現場リーダーとして現場を適切に管理すると共により良くするために必要な「見える化」について学びます。見える化に関する視点と
その具体的な考え方、方法を学びます。
「KPI」や「現場の原価管理」について、派遣スタッフが学ぶのは、少しレベルが高いかもしれませんが、ここまで考えることが出来る派遣スタッフを育成することで、社員になった際、すぐに活躍できるスタッフとして迎えいれることが出来ます。それは、派遣元・派遣先、両社のメリットへとつなぐことが出来、何よりも派遣という立場から社員という立場でスキルアップを図れます。"
翻訳講座 > ポルトガル語,119,Para entender bem! Introdução à Logística I（よくわかる！ロジスティクス入門Ⅰ　ポルトガル語版）,,,120,,
翻訳講座 > ポルトガル語,120,Para entender bem! Introdução à Logística Ⅱ（よくわかる！ロジスティクス入門Ⅱ　ポルトガル語版）,,,120,,
翻訳講座 > ポルトガル語,121,Para entender bem! Introdução à Logística Ⅲ（よくわかる！ロジスティクス入門Ⅲ　ポルトガル語版）,,,120,,
翻訳講座 > ポルトガル語,122,Para entender bem! Introdução à Logística Ⅳ（よくわかる！ロジスティクス入門Ⅳ　ポルトガル語版）,,,120,,
翻訳講座 > ベトナム語,123,Khóa học Kỹ năng nhân sự Ⅰ（ヒューマンスキル講座 ベトナム語版Ⅰ）,,,240,,
翻訳講座 > ベトナム語,124,Khóa học Kỹ năng nhân sự Ⅱ（ヒューマンスキル講座 ベトナム語版Ⅱ）,,,240,,
翻訳講座 > ベトナム語,125,Chương trình đào tạo về chế tạo sản phẩm [Sơ cấp] I　（ものづくり教育プログラム【初級】Ⅰ　ベトナム語版）,職能別,ものづくり教育プログラム【初級】,120,"初めて製造のお仕事に就く方向けの研修内容
・「ものをつくる」価値について
・「品質（QCD）」とは
・製造現場でなぜモラルが必要か
・生産性とはなにか
・コスト意識はなぜ大切か
・納期を守ることの必要性","初めて製造のお仕事に就く方向けの講座です。「ものをつくる」に当たって必要な心構えや考え方の知識を身につけることができる内容です。本講座では心構えや考え方のうち、「ものづくりの価値」「安全」「品質」について学びます。いずれの項目も、ものづくりをする人は知っておきたい内容です。
入社時のOJT研修とは違い、「ものをつくる」意味を考えることを意識させる研修内容となっています。ものづくりの楽しさ、考えるべき点を学ぶことができます。価値を理解することで、仕事に対する派遣社員の方々が意欲に繋がり、責任感に繋がる研修効果を期待しています。"
翻訳講座 > ベトナム語,126,Chương trình đào tạo về chế tạo sản phẩm [Sơ cấp] II　（ものづくり教育プログラム【初級】Ⅱ　ベトナム語版）,職能別,ものづくり教育プログラム【初級】,120,"初めて製造のお仕事に就く方向けの研修内容
・「ものをつくる」価値について
・「品質（QCD）」とは
・製造現場でなぜモラルが必要か
・生産性とはなにか
・コスト意識はなぜ大切か
・納期を守ることの必要性","初めて製造のお仕事に就く方向けの講座です。「ものをつくる」に当たって必要な心構えや考え方の知識を身につけることができる内容です。本講座では心構えや考え方のうち、「ものづくりの価値」「安全」「品質」について学びます。いずれの項目も、ものづくりをする人は知っておきたい内容です。
入社時のOJT研修とは違い、「ものをつくる」意味を考えることを意識させる研修内容となっています。ものづくりの楽しさ、考えるべき点を学ぶことができます。価値を理解することで、仕事に対する派遣社員の方々が意欲に繋がり、責任感に繋がる研修効果を期待しています。"
翻訳講座 > ベトナム語,127,Chương trình đào tạo về chế tạo sản phẩm (Trung cấp) I　 （ものづくり教育プログラム【中級】Ⅰ　ベトナム語版）,職能別,ものづくり教育プログラム【中級】,120,"「ものづくり」に携わる仕事に就いている方向けの研修内容
・安全管理のポイント
・QC７つ道具
・職場のモラル向上は？
・標準時間を意識しよう
・原価を考えた行動とは
・納期管理とは","「ものづくり」の職種についたことがある方に対応した中級者向けの講座です。安全を管理して安全を作っていく方法や、質管理の種類や考え方、モラルをどのように広げていくのかなど、一歩進んだ講座です。生産性を向上させるための工夫、職場で必要とされているコスト、納期では生産で欠かすことができないリードタイムを学びます。これらの内容で効率よく無駄のない生産を実施する基礎となります。
自分だけではなく他人を巻き込んだ仕事はステップアップしていくためには必要不可欠です。他人を巻き込むことを学び実践することで今以上に高いレベルの仕事を目指します。ものをつくるだけから一歩進んだ力をつけることで派遣先にとって必要不可欠な人材として活躍していただくことを目的としています。"
翻訳講座 > ベトナム語,128,Chương trình đào tạo về chế tạo sản phẩm (Trung cấp) II　（ものづくり教育プログラム【中級】Ⅱ　ベトナム語版）,職能別,ものづくり教育プログラム【中級】,120,"「ものづくり」に携わる仕事に就いている方向けの研修内容
・安全管理のポイント
・QC７つ道具
・職場のモラル向上は？
・標準時間を意識しよう
・原価を考えた行動とは
・納期管理とは","「ものづくり」の職種についたことがある方に対応した中級者向けの講座です。安全を管理して安全を作っていく方法や、質管理の種類や考え方、モラルをどのように広げていくのかなど、一歩進んだ講座です。生産性を向上させるための工夫、職場で必要とされているコスト、納期では生産で欠かすことができないリードタイムを学びます。これらの内容で効率よく無駄のない生産を実施する基礎となります。
自分だけではなく他人を巻き込んだ仕事はステップアップしていくためには必要不可欠です。他人を巻き込むことを学び実践することで今以上に高いレベルの仕事を目指します。ものをつくるだけから一歩進んだ力をつけることで派遣先にとって必要不可欠な人材として活躍していただくことを目的としています。"
翻訳講座 > ベトナム語,129,Chương trình đào tạo về chế tạo sản phẩm 【Nâng cao】Ⅰ（ものづくり教育プログラム【上級】Ⅰ　ベトナム語版）,職能別,ものづくり教育プログラム【上級】,120,"「ものづくり」の職種経験者向けの上級者向けの研修
・安全管理の展開
・品質向上試作
・モラル向上のための改善方法
・動作分析で生産性を向上する
・損益分岐点
・進捗管理","ある程度の製造現場経験がある方に対して、「ものづくり」において、責任感を持つことが出来、確実にスキルアップにつながる講座です。知識だけではなく、改善方法をどのように考えていくのか、安全管理の仕方、品質向上のため必要な人づくり、品質向上のサイクル、モラル改善のために必要な環境変化の方法を学びます。
リーダーになるための研修というよりは、リーダーになった際のより知識力をつける研修になります。管理者もしくは、社員になるために不可欠な知識を持つことで、役職を上げるもしくは給与アップするために、大きなステップアップになる研修だと考えており、キャリアアップするために「ここまで知っておきたい」という意識改革に繋がると考えています。"
翻訳講座 > ベトナム語,130,Chương trình đào tạo về chế tạo sản phẩm 【Nâng cao】Ⅱ（ものづくり教育プログラム【上級】Ⅱ　ベトナム語版）,職能別,ものづくり教育プログラム【上級】,120,"「ものづくり」の職種経験者向けの上級者向けの研修
・安全管理の展開
・品質向上試作
・モラル向上のための改善方法
・動作分析で生産性を向上する
・損益分岐点
・進捗管理","ある程度の製造現場経験がある方に対して、「ものづくり」において、責任感を持つことが出来、確実にスキルアップにつながる講座です。知識だけではなく、改善方法をどのように考えていくのか、安全管理の仕方、品質向上のため必要な人づくり、品質向上のサイクル、モラル改善のために必要な環境変化の方法を学びます。
リーダーになるための研修というよりは、リーダーになった際のより知識力をつける研修になります。管理者もしくは、社員になるために不可欠な知識を持つことで、役職を上げるもしくは給与アップするために、大きなステップアップになる研修だと考えており、キャリアアップするために「ここまで知っておきたい」という意識改革に繋がると考えています。"
翻訳講座 > ベトナム語,131,Chương trình quản lý chất lượng [Sơ cấp] I　（品質管理プログラム【初級】Ⅰ　ベトナム語版）,職能別,品質管理プログラム【初級】,120,"「品質」とは、何であるのかの根本から品質を
　維持・向上させるための考え方や手法を学ぶ研修
　・品質と管理
・品質と特性
・消費者目線の品質
・管理とは
・対策、維持、改善
・品質データと母集団
・データと不具合要因
・品質のばらつき
・データの種類
・サンプリングと誤差
・データの記録と作成
・データの活用","品質はものづくりでは欠かすことができないことです。職場において品質をじっくりと学ぶ機会は多くありません。本講座では品質とは何かから始まり、消費者目線の品質まで理解することができる講座です。
品質の理解を通して、業務における行動の変化を促す契機にもつながります。
QC検定を受けたい方には、まず最初に学ぶには相応しい研修内容となっております。QC検定受ける予定がない方でもQC検定を受けて、キャリアアップを目指そうという意識改革を促すことが出来ます。どうしても現場で伝えられない部分を、キャリアアップ教育で実施することで、派遣スタッフの考え方や意識を向上させることができます。
データの正しい取り方や記録を残す意味、データをどのように活用するかを理解することでデータの重要性を理解して職場における品質向上を実現できる人材へ一歩近くことができます。より高いレベルへ一歩を踏み出す大切な知識を得ることができます。"
翻訳講座 > ベトナム語,132,Chương trình quản lý chất lượng [Sơ cấp] II　（品質管理プログラム【初級】Ⅱ　ベトナム語版）,職能別,品質管理プログラム【初級】,120,"「品質」とは、何であるのかの根本から品質を
　維持・向上させるための考え方や手法を学ぶ研修
　・品質と管理
・品質と特性
・消費者目線の品質
・管理とは
・対策、維持、改善
・品質データと母集団
・データと不具合要因
・品質のばらつき
・データの種類
・サンプリングと誤差
・データの記録と作成
・データの活用","品質はものづくりでは欠かすことができないことです。職場において品質をじっくりと学ぶ機会は多くありません。本講座では品質とは何かから始まり、消費者目線の品質まで理解することができる講座です。
品質の理解を通して、業務における行動の変化を促す契機にもつながります。
QC検定を受けたい方には、まず最初に学ぶには相応しい研修内容となっております。QC検定受ける予定がない方でもQC検定を受けて、キャリアアップを目指そうという意識改革を促すことが出来ます。どうしても現場で伝えられない部分を、キャリアアップ教育で実施することで、派遣スタッフの考え方や意識を向上させることができます。
データの正しい取り方や記録を残す意味、データをどのように活用するかを理解することでデータの重要性を理解して職場における品質向上を実現できる人材へ一歩近くことができます。より高いレベルへ一歩を踏み出す大切な知識を得ることができます。"
翻訳講座 > ベトナム語,133,Chương trình đào tạo người tổ trưởng tại nơi làm việc (Sơ cấp) ①（現場リーダー教育【初級】①　ベトナム語版）,階層別,現場リーダー教育【初級】,120,"現場リーダーとしてこれから目指す方向けの研修
・現場リーダーイメージと必要スキル
・現場リーダーが貢献できる効果
・ダメなリーダーの場合には
・問題を根本から解決できる力
・指導力とリーダーシップ","現場リーダーとして仕事をしている、もしくはこれから現場リーダーになっていく人を対象とする講座です。
現場リーダーの役割から現場リーダーに必要な知識・スキルは何かを理解し具体的な方法を学びます。
リーダーになる存在がどのような存在なのかを理解させる講座となっており、リーダーになりたくてもなれないと思っている方に、ここまで知っておけば良いと分かりやすく抽象的に伝えることが出来ます。又、リーダーの方でも、ここまでは最低理解しなければという意識を改善させることも出来ます。リーダーとして何が大切かをわかりやすく説明することが大切だと考えています。"
翻訳講座 > ベトナム語,134,Chương trình đào tạo người tổ trưởng tại nơi làm việc (Sơ cấp) ②（現場リーダー教育【初級】②　ベトナム語版）,階層別,現場リーダー教育【初級】,120,"現場リーダーとしてこれから目指す方向けの研修
・現場リーダーイメージと必要スキル
・現場リーダーが貢献できる効果
・ダメなリーダーの場合には
・問題を根本から解決できる力
・指導力とリーダーシップ","現場リーダーとして仕事をしている、もしくはこれから現場リーダーになっていく人を対象とする講座です。
現場リーダーの役割から現場リーダーに必要な知識・スキルは何かを理解し具体的な方法を学びます。
リーダーになる存在がどのような存在なのかを理解させる講座となっており、リーダーになりたくてもなれないと思っている方に、ここまで知っておけば良いと分かりやすく抽象的に伝えることが出来ます。又、リーダーの方でも、ここまでは最低理解しなければという意識を改善させることも出来ます。リーダーとして何が大切かをわかりやすく説明することが大切だと考えています。"
翻訳講座 > ベトナム語,135,Chương trình đào tạo người tổ trưởng tại nơi làm việc (Trung cấp)（現場リーダー教育【中級】ベトナム語版）,階層別,現場リーダー教育【中級】,120,"現場リーダーの経験がある方向けの中級者向け研修
・モチベーション
・タイムマネジメント
・効果的な指導方法","現場リーダー教育【初級】①②を受講した方が対象になる講座です。現場で忙しい中でリーダーとして活躍するための少し高度な内容について学びます。リーダーとして知っておくべきモチベーション、時間を上手に使うタイムマネジメント、人が物事を習得する仕組みとその指導方法について学びます。
現場でのリーダーに大切な、自身のマネジメント能力と、部下のマネジメント能力を向上させることだと考えており、こちらのマネジメント能力を向上させることで、生産性を向上させることが出来ると考えています。指導能力を向上させるためにも、必要な研修だと考え、更に、現状のリーダーという役職から更なる上の役職を目指してほしいと考えています。"
翻訳講座 > ベトナム語,136,Chương trình đào tạo người tổ trưởng tại nơi làm việc 【Nâng cao】（現場リーダー教育【上級】ベトナム語版）,階層別,現場リーダー教育【上級】,120,"現場リーダーの経験が豊富にある、上級者向けの研修
・現場の見える化と原価管理
・KPIによる見える化
・現場作業管理による見える化","現場リーダー教育①②、現場リーダー教育中級を受講した方が対象になる講座です。現場リーダーとして現場を適切に管理すると共により良くするために必要な「見える化」について学びます。見える化に関する視点と
その具体的な考え方、方法を学びます。
「KPI」や「現場の原価管理」について、派遣スタッフが学ぶのは、少しレベルが高いかもしれませんが、ここまで考えることが出来る派遣スタッフを育成することで、社員になった際、すぐに活躍できるスタッフとして迎えいれることが出来ます。それは、派遣元・派遣先、両社のメリットへとつなぐことが出来、何よりも派遣という立場から社員という立場でスキルアップを図れます。"
翻訳講座 > 中国語,137,人事技能讲座Ⅰ（ヒューマンスキル講座 中国語版Ⅰ）,,,240,,
翻訳講座 > 中国語,138,人事技能讲座Ⅱ（ヒューマンスキル講座 中国語版Ⅱ）,,,240,,
翻訳講座 > 中国語,139,制造教育课程【初级】Ⅰ　（ものづくり教育プログラム【初級】Ⅰ　中国語版）,職能別,ものづくり教育プログラム【初級】,120,"初めて製造のお仕事に就く方向けの研修内容
・「ものをつくる」価値について
・「品質（QCD）」とは
・製造現場でなぜモラルが必要か
・生産性とはなにか
・コスト意識はなぜ大切か
・納期を守ることの必要性","初めて製造のお仕事に就く方向けの講座です。「ものをつくる」に当たって必要な心構えや考え方の知識を身につけることができる内容です。本講座では心構えや考え方のうち、「ものづくりの価値」「安全」「品質」について学びます。いずれの項目も、ものづくりをする人は知っておきたい内容です。
入社時のOJT研修とは違い、「ものをつくる」意味を考えることを意識させる研修内容となっています。ものづくりの楽しさ、考えるべき点を学ぶことができます。価値を理解することで、仕事に対する派遣社員の方々が意欲に繋がり、責任感に繋がる研修効果を期待しています。"
翻訳講座 > 中国語,140,制造教育课程【初级】Ⅱ　（ものづくり教育プログラム【初級】Ⅱ　中国語版）,職能別,ものづくり教育プログラム【初級】,120,"初めて製造のお仕事に就く方向けの研修内容
・「ものをつくる」価値について
・「品質（QCD）」とは
・製造現場でなぜモラルが必要か
・生産性とはなにか
・コスト意識はなぜ大切か
・納期を守ることの必要性","初めて製造のお仕事に就く方向けの講座です。「ものをつくる」に当たって必要な心構えや考え方の知識を身につけることができる内容です。本講座では心構えや考え方のうち、「ものづくりの価値」「安全」「品質」について学びます。いずれの項目も、ものづくりをする人は知っておきたい内容です。
入社時のOJT研修とは違い、「ものをつくる」意味を考えることを意識させる研修内容となっています。ものづくりの楽しさ、考えるべき点を学ぶことができます。価値を理解することで、仕事に対する派遣社員の方々が意欲に繋がり、責任感に繋がる研修効果を期待しています。"
翻訳講座 > 中国語,141,制造教育课程【中级】Ⅱ　（ものづくり教育プログラム【中級】Ⅱ 中国語版）,職能別,ものづくり教育プログラム【中級】,120,"「ものづくり」に携わる仕事に就いている方向けの研修内容
・安全管理のポイント
・QC７つ道具
・職場のモラル向上は？
・標準時間を意識しよう
・原価を考えた行動とは
・納期管理とは","「ものづくり」の職種についたことがある方に対応した中級者向けの講座です。安全を管理して安全を作っていく方法や、質管理の種類や考え方、モラルをどのように広げていくのかなど、一歩進んだ講座です。生産性を向上させるための工夫、職場で必要とされているコスト、納期では生産で欠かすことができないリードタイムを学びます。これらの内容で効率よく無駄のない生産を実施する基礎となります。
自分だけではなく他人を巻き込んだ仕事はステップアップしていくためには必要不可欠です。他人を巻き込むことを学び実践することで今以上に高いレベルの仕事を目指します。ものをつくるだけから一歩進んだ力をつけることで派遣先にとって必要不可欠な人材として活躍していただくことを目的としています。"
翻訳講座 > 中国語,142,制造教育课程【中级】Ⅰ　（ものづくり教育プログラム【中級】Ⅰ 中国語版）,職能別,ものづくり教育プログラム【中級】,120,"「ものづくり」に携わる仕事に就いている方向けの研修内容
・安全管理のポイント
・QC７つ道具
・職場のモラル向上は？
・標準時間を意識しよう
・原価を考えた行動とは
・納期管理とは","「ものづくり」の職種についたことがある方に対応した中級者向けの講座です。安全を管理して安全を作っていく方法や、質管理の種類や考え方、モラルをどのように広げていくのかなど、一歩進んだ講座です。生産性を向上させるための工夫、職場で必要とされているコスト、納期では生産で欠かすことができないリードタイムを学びます。これらの内容で効率よく無駄のない生産を実施する基礎となります。
自分だけではなく他人を巻き込んだ仕事はステップアップしていくためには必要不可欠です。他人を巻き込むことを学び実践することで今以上に高いレベルの仕事を目指します。ものをつくるだけから一歩進んだ力をつけることで派遣先にとって必要不可欠な人材として活躍していただくことを目的としています。"
翻訳講座 > 中国語,143,制造教育课程【高级】Ⅰ（ものづくり教育プログラム【上級】Ⅰ　中国語版）,職能別,ものづくり教育プログラム【上級】,120,"「ものづくり」の職種経験者向けの上級者向けの研修
・安全管理の展開
・品質向上試作
・モラル向上のための改善方法
・動作分析で生産性を向上する
・損益分岐点
・進捗管理","ある程度の製造現場経験がある方に対して、「ものづくり」において、責任感を持つことが出来、確実にスキルアップにつながる講座です。知識だけではなく、改善方法をどのように考えていくのか、安全管理の仕方、品質向上のため必要な人づくり、品質向上のサイクル、モラル改善のために必要な環境変化の方法を学びます。
リーダーになるための研修というよりは、リーダーになった際のより知識力をつける研修になります。管理者もしくは、社員になるために不可欠な知識を持つことで、役職を上げるもしくは給与アップするために、大きなステップアップになる研修だと考えており、キャリアアップするために「ここまで知っておきたい」という意識改革に繋がると考えています。"
翻訳講座 > 中国語,144,制造教育课程【高级】Ⅱ（ものづくり教育プログラム【上級】Ⅱ　中国語版）,職能別,ものづくり教育プログラム【上級】,120,"「ものづくり」の職種経験者向けの上級者向けの研修
・安全管理の展開
・品質向上試作
・モラル向上のための改善方法
・動作分析で生産性を向上する
・損益分岐点
・進捗管理","ある程度の製造現場経験がある方に対して、「ものづくり」において、責任感を持つことが出来、確実にスキルアップにつながる講座です。知識だけではなく、改善方法をどのように考えていくのか、安全管理の仕方、品質向上のため必要な人づくり、品質向上のサイクル、モラル改善のために必要な環境変化の方法を学びます。
リーダーになるための研修というよりは、リーダーになった際のより知識力をつける研修になります。管理者もしくは、社員になるために不可欠な知識を持つことで、役職を上げるもしくは給与アップするために、大きなステップアップになる研修だと考えており、キャリアアップするために「ここまで知っておきたい」という意識改革に繋がると考えています。"
翻訳講座 > 中国語,145,质量管理课程【初级】Ⅰ　（品質管理プログラム【初級】Ⅰ　中国語版）,職能別,品質管理プログラム【初級】,120,"「品質」とは、何であるのかの根本から品質を
　維持・向上させるための考え方や手法を学ぶ研修
　・品質と管理
・品質と特性
・消費者目線の品質
・管理とは
・対策、維持、改善
・品質データと母集団
・データと不具合要因
・品質のばらつき
・データの種類
・サンプリングと誤差
・データの記録と作成
・データの活用","品質はものづくりでは欠かすことができないことです。職場において品質をじっくりと学ぶ機会は多くありません。本講座では品質とは何かから始まり、消費者目線の品質まで理解することができる講座です。
品質の理解を通して、業務における行動の変化を促す契機にもつながります。
QC検定を受けたい方には、まず最初に学ぶには相応しい研修内容となっております。QC検定受ける予定がない方でもQC検定を受けて、キャリアアップを目指そうという意識改革を促すことが出来ます。どうしても現場で伝えられない部分を、キャリアアップ教育で実施することで、派遣スタッフの考え方や意識を向上させることができます。
データの正しい取り方や記録を残す意味、データをどのように活用するかを理解することでデータの重要性を理解して職場における品質向上を実現できる人材へ一歩近くことができます。より高いレベルへ一歩を踏み出す大切な知識を得ることができます。"
翻訳講座 > 中国語,146,质量管理课程【初级】Ⅱ　（品質管理プログラム【初級】Ⅱ　中国語版）,職能別,品質管理プログラム【初級】,120,"「品質」とは、何であるのかの根本から品質を
　維持・向上させるための考え方や手法を学ぶ研修
　・品質と管理
・品質と特性
・消費者目線の品質
・管理とは
・対策、維持、改善
・品質データと母集団
・データと不具合要因
・品質のばらつき
・データの種類
・サンプリングと誤差
・データの記録と作成
・データの活用","品質はものづくりでは欠かすことができないことです。職場において品質をじっくりと学ぶ機会は多くありません。本講座では品質とは何かから始まり、消費者目線の品質まで理解することができる講座です。
品質の理解を通して、業務における行動の変化を促す契機にもつながります。
QC検定を受けたい方には、まず最初に学ぶには相応しい研修内容となっております。QC検定受ける予定がない方でもQC検定を受けて、キャリアアップを目指そうという意識改革を促すことが出来ます。どうしても現場で伝えられない部分を、キャリアアップ教育で実施することで、派遣スタッフの考え方や意識を向上させることができます。
データの正しい取り方や記録を残す意味、データをどのように活用するかを理解することでデータの重要性を理解して職場における品質向上を実現できる人材へ一歩近くことができます。より高いレベルへ一歩を踏み出す大切な知識を得ることができます。"
翻訳講座 > 中国語,147,现场长课程【初级】Ⅰ　（現場リーダー教育【初級】①　中国語版）,階層別,現場リーダー教育【初級】,120,"現場リーダーとしてこれから目指す方向けの研修
・現場リーダーイメージと必要スキル
・現場リーダーが貢献できる効果
・ダメなリーダーの場合には
・問題を根本から解決できる力
・指導力とリーダーシップ","現場リーダーとして仕事をしている、もしくはこれから現場リーダーになっていく人を対象とする講座です。
現場リーダーの役割から現場リーダーに必要な知識・スキルは何かを理解し具体的な方法を学びます。
リーダーになる存在がどのような存在なのかを理解させる講座となっており、リーダーになりたくてもなれないと思っている方に、ここまで知っておけば良いと分かりやすく抽象的に伝えることが出来ます。又、リーダーの方でも、ここまでは最低理解しなければという意識を改善させることも出来ます。リーダーとして何が大切かをわかりやすく説明することが大切だと考えています。"
翻訳講座 > 中国語,148,现场长课程【初级】Ⅱ　（現場リーダー教育【初級】②　中国語版）,階層別,現場リーダー教育【初級】,120,"現場リーダーとしてこれから目指す方向けの研修
・現場リーダーイメージと必要スキル
・現場リーダーが貢献できる効果
・ダメなリーダーの場合には
・問題を根本から解決できる力
・指導力とリーダーシップ","現場リーダーとして仕事をしている、もしくはこれから現場リーダーになっていく人を対象とする講座です。
現場リーダーの役割から現場リーダーに必要な知識・スキルは何かを理解し具体的な方法を学びます。
リーダーになる存在がどのような存在なのかを理解させる講座となっており、リーダーになりたくてもなれないと思っている方に、ここまで知っておけば良いと分かりやすく抽象的に伝えることが出来ます。又、リーダーの方でも、ここまでは最低理解しなければという意識を改善させることも出来ます。リーダーとして何が大切かをわかりやすく説明することが大切だと考えています。"
翻訳講座 > 中国語,149,现场长课程【中级】（現場リーダー教育【中級】中国語版）,階層別,現場リーダー教育【中級】,120,"現場リーダーの経験がある方向けの中級者向け研修
・モチベーション
・タイムマネジメント
・効果的な指導方法","現場リーダー教育【初級】①②を受講した方が対象になる講座です。現場で忙しい中でリーダーとして活躍するための少し高度な内容について学びます。リーダーとして知っておくべきモチベーション、時間を上手に使うタイムマネジメント、人が物事を習得する仕組みとその指導方法について学びます。
現場でのリーダーに大切な、自身のマネジメント能力と、部下のマネジメント能力を向上させることだと考えており、こちらのマネジメント能力を向上させることで、生産性を向上させることが出来ると考えています。指導能力を向上させるためにも、必要な研修だと考え、更に、現状のリーダーという役職から更なる上の役職を目指してほしいと考えています。"
翻訳講座 > 中国語,150,现场长课程【高级】（現場リーダー教育【上級】中国語版）,階層別,現場リーダー教育【上級】,120,"現場リーダーの経験が豊富にある、上級者向けの研修
・現場の見える化と原価管理
・KPIによる見える化
・現場作業管理による見える化","現場リーダー教育①②、現場リーダー教育中級を受講した方が対象になる講座です。現場リーダーとして現場を適切に管理すると共により良くするために必要な「見える化」について学びます。見える化に関する視点と
その具体的な考え方、方法を学びます。
「KPI」や「現場の原価管理」について、派遣スタッフが学ぶのは、少しレベルが高いかもしれませんが、ここまで考えることが出来る派遣スタッフを育成することで、社員になった際、すぐに活躍できるスタッフとして迎えいれることが出来ます。それは、派遣元・派遣先、両社のメリットへとつなぐことが出来、何よりも派遣という立場から社員という立場でスキルアップを図れます。"
清掃,151,クリーンクルーのための清掃キャリアアップ講座,職能別,"クリーンクルーのための
清掃キャリアアップ講座",240,"清掃作業を行うにあたっての作業者のマナー、身だしな
みなどを学ぶことが出来る研修
・清掃作業をするための基本
・清掃作業のルール
・清掃業界のキャリアアップ
・品質インスペクション
・清掃業務の種類","危険回避のために、安全に作業することやより作業内容を知る意味でも法律に関わる内容を簡単に説明してあったりと、清掃作業とはどんなものなのかを知ることができる講座となっています。
基本のことだけではなく、清掃作業員がスキルアップとして考えられる資格やビル管理法など、清掃作業の指導者としても1つ上の知識として学んで頂ける講座となっています。"
ビジネススキル,152,事例で学ぶビジネスマナー講座「仕事のルールと基本、ビジネス会話」,職能別,"事例で学ぶビジネスマナー講座
「仕事のルールと基本、ビジネス会話」",120,"実際のビジネスシーンを映像で見ながら、身だしなみ、話し方や敬語、仕事の進め方やホウレンソウについてなど、仕事をする上で必要とされる基本ルールやマナーを学ぶことができる研修
・身だしなみ、あいさつ、おじぎについて
・仕事の進め方、報告・連絡・相談について
・指示・命令の受け方
・時間管理・スケジュール管理
・公私のけじめ
・言葉使いと話し方、敬語について",仕事のルールや基本、ビジネス会話を学ぶことで、業務を適切に進めることができるようになります。一緒に仕事をする上司や同僚から信頼され、業務を安心して任されるようになるため、派遣先での経験を積みやすくなります。経験を積み、業務の幅を広げることはキャリアアップに繋がると考えています。
ビジネススキル,153,事例で学ぶビジネスマナー講座「電話応対、訪問・接客、ビジネス文書」,職能別,"事例で学ぶビジネスマナー講座
「電話応対、訪問・接客、ビジネス文書」",120,"実際のビジネスシーンを映像で見ながら、電話応対、来客応対、他社への訪問、ビジネスメール、ビジネス文書の書き方の基本など、仕事をする上で必要とされる基本ルールやマナーを学ぶことができる研修
・電話の受け方、かけ方
・来客対応、接客について
・名刺交換、他社への訪問
・メール・FAXのルール
・ビジネス文書の書き方",電話応対、訪問・接客、ビジネス文書を学ぶことで、業務を適切に進めることができるようになります。一緒に仕事をする職場での上司や同僚から信頼され、業務を安心して任されるようになるため、派遣先での経験を積みやすくなります。経験を積み、業務の幅を広げることはキャリアアップに繋がると考えています。
ビジネススキル,154,事例で学ぶ電話応対講座,職能別,事例で学ぶ「電話応対講座」,120,"・電話応対の基本
・電話の取り次ぎ
・電話をかける
・言葉遣いの基本
・お問い合わせへの対応
・いろんな場面での応対
・メモのとり方","この講座では、電話応対にあたっての心構えから実際の応対方法について、動画や音声練習を交えて実践的に学び、業務において即活用できる内容となっています。
学んだことを練習し活用していただくことで、ビジネススキルとして電話応対に自信が持てるようになり、業務を適切に進めることができるようになります。一緒に仕事をする上司や同僚から信頼され、業務を安心して任されるようになるため、派遣先での経験を積みやすくなります。経験を積み、業務の幅を広げることはキャリアアップに繋がると考えています。"
ビジネススキル,155,事例で学ぶクレーム応対講座,職能別,事例で学ぶ「クレーム応対講座」,120,"・クレームとは何か
・お客様心理とクレーム対応のプロセス
・お客様を理解するためのヒアリング技術①
・お客様を理解するためのヒアリング技術②
・クレーム応対に必要な言葉遣い
・二次クレーム防止の心得","この講座では、お客様の声に耳を傾け信頼関係を築き、ピンチをチャンスに変えるための基礎知識を学びます。
事例形式で実践的な内容を紹介していますので、即業務に活かすことができます。業務を適切に進めることができるようになります。一緒に仕事をする上司や同僚から信頼され、業務を安心して任されるようになるため、派遣先での経験を積みやすくなります。経験を積み、業務の幅を広げることはキャリアアップに繋がると考えています。"
ビジネススキル,156,ビジネス文章力講座,,,120,,
ビジネススキル,157,仕事が面白い程上手くいく！実践ロジカルシンキング講座,階層別,"仕事が面白い程上手くいく！
実践ロジカルシンキング講座",120,"この講座では、ピラミッドストラクチャ、ロジックツリー、フローチャートなどのロジカルシンキング（論理的思考）の手法を学べます。
1章　はじめに
2章　現状分析・改善提案
3章　報告スキル
4章　改善提案
5章　エンディング","ロジカルシンキング（論理的思考）の手法である、ピラミッドストラクチャ、ロジックツリー、フローチャートなどを、業務の中で具体的にどう活用するのかをストーリーを通して学習します。
手法を学ぶだけではなく、ストーリーを通して、業務の中でその手法を具体的にどう活用するのかを同時に学べます。
主人公と一緒に論理的に考え、発想力を広げ、課題に取り組むことで、ロジカルシンキングを身に着けることができます。"
ビジネススキル,158,タイムマネジメント講座,階層別,タイムマネジメント講座,120,"本講座では、優先順位、PERT手法、時間管理などの手法を学びます。
・前提条件と優先順位とは
・改善後の現状分析
・PERT手法とは
・改善後の現状分析
・作業タスクの可視化・分類
・完了タスクの管理
・改善後の提案","各手法を学んだあとに、わかりやすい例題と、実際に手を動かして取り組むことができる練習問題をご用意しています。
読んで理解するだけでなく、書くことでより学びを深め、実践でも活用できる本当の意味でのスキルを取得することができます。
タイムマネジメントの要素を学びながら、タスクを可視化し優先順位を決めることで、優先度の高い業務に注力することが可能になります。効率的に業務を遂行する知識を学ぶことができるためキャリアアップに繋がると考えています。"
ビジネススキル,159,タイプで学ぶリーダーシップ発揮講座 ,階層別,タイプで学ぶリーダーシップ発揮講座,180,"この講座は、心理学の視点から、自分の強み・直したい弱みなど、意外と見えていなかった自分を理解し、「自分に合うリーダーシップ」を上手に発揮する「自分力」を身に付けることができます。
1章 はじめに
2章 自分のタイプを知る
3章 自分の強み・弱み・価値観を知る
4章 最後に","この講座では、ユング心理学の心の４機能をベースに各タイプのリーダーが登場します。「リーダーシップを上手く発揮できない時」という１つのテーマに絞ってその原因を掘り下げ、各タイプの強みを活かした行動や、コミュニケーションの取り方を体感していただきます。
マンガ、動画、自己診断ワークなどの多様な仕組みで学びを深めていきます。
心理学の視点から、自分の強み・直したい弱みなど、意外と見えていなかった自分を理解し、「自分に合うリーダーシップ」を上手に発揮する「自分力」を身に付けることができます。
業務におけるリーダーシップ発揮のヒントに活かせるため、キャリアアップに繋がると考えています。"
ビジネススキル,160,仕事の意思疎通を楽にする！アサーティブコミュニケーション講座,階層別,"仕事の意思疎通を楽にする！
アサーティブコミュニケーション講座",120,"・アサーティブ/ノンアサーティブコ　ミュニケーションとは？
・アサーティブな会話&ノンアサーティブな会話例
・アサーティブな会話のための3つのステップとは？
・相手を尊重しアサーティブにする
・あなたのノンアサーティブを改善する
・相手を尊重&自己主張する
・アサーティブコミュニケーションのまとめ
・セルフワーク","この講座では、相手の意見を尊重しながら自分の意見も伝えるコミュニケーション方法であるアサーティブコミュニケーションについて具体的な事例を交えながら、解説していきます。
アサーティブコミュニケーションや自分自身の理解を深めるために、漫画やシミュレーション練習などのコーナーを設けています。
講座を受講することで、自分と異なるタイプの人や苦手な人に対して、どうすれば自分の意見をスムーズに聞き入れてもらえるのかを理解し、実行できるようになります。仕事の意思疎通をスムーズに行うことで、効率的に業務が遂行できるため、キャリアアップに繋がると考えています。"
ビジネススキル,161,マンガで学ぶ　会社の数字入門講座,階層別,マンガで学ぶ　会社の数字入門　講座,120,"この講座は、楽しみながら『経営者感覚』を持ってもらうことを目的とした講座です。
1章　数字の世界へようこそ！
2章　経営シミュレーション
3章　数字を整理しよう(前編)
4章　数字を整理しよう(後編)
5章　戦略的に考えよう
6章　数字を考えると、仕事が楽しい！",貸借対照表や損益計算書といった基本的な会社の数字の用語の理解から、社会人として持っておくべきコスト感覚までを身に付けることができます。
ビジネススキル,162,報連相 上手な質問講座,"階層別
 職能別",報連相 上手な質問講座,60,"1章 報連相の必要性
2章 報連相のやり方
3章 でも報連相ができない原因
4章 コレは知るべき！報連相
5章 もう一歩先の報連相
6章 レポート","この講座は、報告・連絡・相談（報連相）の習慣化を目指し、PDCAサイクルを用いて学びます。「なぜ報連相をする必要があるのか」から解説し、あるある事例や講師の体験談を交えることで、学習者の納得感と共感を高めます。単なるやり方だけでなく、報連相ができない原因の解決にも焦点を当て、誰もが学習によって身につけられるスキルであることを強調しています。
円滑なコミュニケーションは、プロジェクトの成功、問題の早期解決、そして組織全体の連携強化に不可欠です。本講座を通じて、報連相を「仕事の進め方そのもの」として捉え直し、主体的に行動できる人材へと成長することで、あなたの市場価値を高め、キャリアアップを力強く後押しします。
日々の業務効率化はもちろんのこと、周囲を巻き込みながら成果を出すための実践的なスキルを身につけ、将来のリーダーシップへと繋がる土台をここで確立しましょう。"
ビジネススキル,163,実践！営業の壁対策講座1,"階層別
 職能別",実践！営業の壁対策講座1,240,"1章　営業職のための「自己理解」
　営業職のための「自己理解」
　実践前ワークの取り組み方　説明
　実践前ワーク「自分自身に対する認識を深掘りするワーク」
　実践前ワーク「自分のリソース（強み）を深掘りするワーク」
　実践前ワーク「使命（ミッション）を言語化するワーク」
　実践前ワーク「未来像（ビジョン）を言語化するワーク」
　実践前ワーク「価値（バリュー）を言語化するワーク」
　実践後振り返りワーク
2章　第一印象を良くするために
3章　お客さまが好意を持つ自己紹介
4章　実りのある雑談をするための準備
5章　聴く力とは？","この講座は、営業職の基本スキルを持ちながらも課題を感じている人向けのの講座です。
自己理解から始まり、第一印象の改善、効果的な自己紹介、雑談の準備、聴く力の向上など、営業のための自己理解を解説とワークで学びます。診断による苦手分野の特定、短時間での要点学習、スマートデバイスでの受講、ワークを通じた実践的な学びが特徴です。"
ビジネススキル,164,実践！営業の壁対策講座2,"階層別
 職能別",実践！営業の壁対策講座2,240,"6章　質問力とは？
7章　「問題」と「理想の状態」の共有
8章　スペック、メリット、ベネフィットとは？
9章　伝える型とは？
10章　クロージング時のお客様の迷い
11章　迷いを解消する対話
12章　契約前のキャンセルの可能性を最小限にする対話
13章　契約後のフォローアップとは？","この講座は、営業職の基本スキルを持ちながらも課題を感じている人向けのの講座です。
質問力の向上、問題と理想の共有、商品説明のコツ、クロージング時の対応、顧客との関係構築まで、幅広い営業スキルを網羅しています。
診断による苦手分野の特定、短時間での要点学習、スマートデバイスでの受講、ワークを通じた実践的な学びが特徴です。"
マネジメント,165,あした実践したくなる！チームワーク講座,階層別,あした実践したくなる！チームワーク講座,120,"組織の一員として働く際に、協力して仕事をするスキルを身に着ける研修
・共同の法則
・win-winの法則、よろこんでの法則
・ビジョン共有の法則、オープンコミュニケーションの法則
・チームウォッチングの法則、ファシリテーションの法則","階層別研修になります。派遣スタッフとして、複数人での業務を進める上で、良い結果を出すための方法を学びます。
派遣スタッフには自分を含め、後輩や同僚の情況を理解し積極的に協働体制を築こうとする姿勢が必要です。他の後輩も含め、積極的に業務に関与できるよう、それぞれが安心できる環境づくりの知識を身に着けます。
風通しの良いスタッフ同士の関係を作り成果を上げるために、チーム内のコミュニケーションをオープンにしたり、対立やその他の問題の発生を察知する具体的な方法を学びます。"
マネジメント,166,ピンチの時に役に立つ！リスクマネジメント講座,階層別,"ピンチの時に役に立つ！
リスクマネジメント講座",120,"仕事上のリスクを考慮して、行動するために必要な知識を学ぶことができる研修
・かもしれないの法則、石橋たたきの法則、仕組化の法則
・深呼吸の法則、火消しの法則、再発防止の法則
・リスク評価の法則、リスクテイクの法則、背負って立つ法則",仕事を進めていくと、思いもよらない事態が起こることがあると思います。そのような事態に対応するためにもリスクの予防から発生時の対応、そしてリスクへのチャレンジを学び、リスクに対する考え方を提供します。
マネジメント,167,ピンチの時に役に立つ！ストレスマネジメント講座,階層別,"ピンチの時に役に立つ！
ストレスマネジメント講座",120,"自身にかかるストレスを軽減し、仕事を円滑に進めるための知識を身に着ける研修
・クールダウンの法則、みんな違ってみんないいの法則
・リフレーミングの法則、SOSの法則、発散・浄化の法則
・見守りの法則、駆け込み寺の法則、心のサポートの法則","初級、中級で対人及び対事象においてのストレスへの考え方を学び、
上級では部下のストレスをいかにサポートしていくかというマネジメントスキルを学びます。
自分の行動を変容させる発想ができ（＝ピンチの時に役に立つと思ってもらう）、マネジメントにおいて実践できるようになることが目標です。
ストレスへの考え方を学び、自分自身でも部下に対しても実践でできるようになる（サポートできるようになる）ことで、更に上の役職を目指していく一助になると考えています。"
マネジメント,168,あした実践したくなる！部下指導マネジメント講座,階層別,"あした実践したくなる！
部下指導マネジメント講座",120,"部下を指導する上で大事なことを学ぶための研修
・イメージ共有の法則
・スモールステップの法則
・ギャップ明確化の法則
・協働解決の法則
・意図伝達の法則
・成長支援の法則","部下を育成し、成果を挙げてもらうには、部下とのコミュニケーションがとても大切です。この講座ではコミュニケーション時に気を付けるべき点（例えば「最終的な仕事のイメージだけではなく、手段やプロセスも共有する」、「部下が自分ひとりでできると思えるくらいの細かさに分けて指示を出す」など）を学びます。
自立して日常業務ができるだけでなく、下級者に自己の経験を生かしアドバイスして教育を行う立場になりますが、その際に下級者の成長が促されるようなコミュニケーションが必要になります。指導能力を向上させるためにも、必要な研修だと考え、更なる上の役職を目指してほしいと考えています。"
マネジメント,169,あした実践したくなる！コーチング講座,階層別,あした実践したくなる！コーチング講座,,"仕事をスムーズに教えるためのノウハウを学ぶ研修
・KYの法則
・ウェルカムの法則
・青い鳥の法則
・コインの法則","コーチングはコミュニケーション手法の一つですが、この講座ではコーチング技法を使って、上司と部下間のコミュニケーションを改善する考え方を学びます。例えば、部下の「表情」「声のトーン」「話しのリズム」「姿勢・態度」「身振り・手振えい」に注意することや、部下へのアドバイスよりも部下の考えや気持ちを引き出すことを意識するなど、具体的な考え方を学びます。
コーチング技法を身に着けることは、日常業務の様々な人間関係を改善するためにも役立ち、チームで成果を上げられることにつながります。コミュニケーション力を高めることは更に上の役職を目指していく一助になると考えています。"
コンプライアンス,170,ケースで学ぶコンプライアンス　個人情報取り扱い注意,階層別,"ケースで学ぶコンプライアンス
個人情報取り扱い注意",60,"個人情報を取り扱う方向けの研修
・うっかりミスでの個人情報漏洩
・SNSは気軽に情報発信できるけど、危険がいっぱい
・メールが来てたから開きました…では済まされない
・軽はずみな行動が犯罪につながる？個人情報の転売
・「盗まれたから自分は悪くない」では済まされない盗難による漏洩",会社の機密情報を取り扱う上で適切な対応を学ぶことができます。 SNSの利用、メール受信・送信などで注意すべき事項を業務の中で遭遇しがちなケースに沿って学習することで、現場で適切な対応ができるようになる実践的な内容になっています。現職でも必要な情報の扱い方ですが、他社もしくは他職種で働いた際も必要な知識になると考えています。
コンプライアンス,171,ケースで学ぶコンプライアンス　情報セキュリティ,階層別,"ケースで学ぶコンプライアンス
情報セキュリティ",60,"情報セキリュティの基本を身に着ける研修
・ID、パスワードの漏洩は情報漏洩に直結
・休み時間中のネットサーフィンでウィルス感染
・インストールしたソフトが情報漏洩の理由に
・ルールには意味がある
・SNSで会社の機密情報を公開しない",会社の機密情報を取り扱う上で適切な対応を学ぶことができます。 IDやパスワードの使用、SNSの利用、ソフトのインストールなど、注意すべき事項を業務の中で遭遇しがちなケースに沿って学習することで、現場で適切な対応ができるようになる実践的な内容になっています。現職でも必要な情報の扱い方ですが、他社もしくは他職種で働いた際も必要な知識になると考えています。
コンプライアンス,172,ケースで学ぶコンプライアンス　パワーハラスメント講座,階層別,"ケースで学ぶコンプライアンス
パワーハラスメント講座",60,"組織の一員として働く際に、より働きやすい職場環境を作っていくために必要であるパワーハラスメントを防ぐ力を身に着ける研修
・パワーハラスメントとはなにか
・パワーハラスメントはなぜいけないのか
・パワーハラスメントをされたときはどうしたらよいか","職場におけるパワーハラスメントは、相手の尊厳や人格を傷つけ、時には心身の健康や生命すらも危険にさらす許されない行為のため、職場環境を良好に保つためにも、なくしていかなければならないものです。
派遣スタッフにおいてはパワーハラスメントの類型を学び、具体的かつ論理的にパワーハラスメントを把握することで職場でパワーハラスメントが発生することを防いだり、自らがそれをする側にならない様にする知識や考え方を提供します。それによって、よりよい職場を作り上げるための能力の向上を目指します。"
コンプライアンス,173,ケースで学ぶコンプライアンス　セクシュアルハラスメント講座,階層別,"ケースで学ぶコンプライアンス
セクシュアルハラスメント講座",60,"より良い職場をつくるためにセクシャルハラスメントの加害者、被害者をつくらないための研修
・セクシャルハラスメントってなんだろう？
・セクシャルハラスメントはいけないの？
・どこからセクシャルハラスメントなの？",誰もが快適に活躍できる職場を目指すために、セクシュアルハラスメントがどのようなもので、あってはならないものだということを理解できることが本講座の目標です。また、セクシュアルハラスメントの被害に直面したときに、適切な対応を考えることができるようになります。
コンプライアンス,174,テレワーク時の情報漏洩を防ぐための情報セキュリティ対策講座,階層別,"テレワーク時の情報漏洩を防ぐための
情報セキュリティ対策講座",60,"初めてのテレワークにドキドキの主人公、紺 蘭子（こん らんこ）と一緒に、しっかり学び、実践に活かしてください！
１はじめに
２テレワークの前に
３テレワーク時に気を付けることと対策例
４ついついやってしまいがちなこと
５ウイルス感染のリスク
６まとめ","働き方改革の一環として導入されてきたテレワーク。
この講座では、テレワークをする際に注意すべき情報セキュリティのポイントとその対策を解説しています。
情報漏えいやマルウェア感染などのリスクからどう回避するかを説明し、最低限必要なセキュリティ対策をご紹介します。
日常生活の場面で「このような場面が実は危険です！」という問題を発見して、解決方法を徹底的実施して、情報漏洩がないように学習していきます。
テレワークにおいて情報セキュリティ漏れがないように、基本的な知識や意外と間違っていることについて明確に知り、実行できるようになることでキャリアアップに繋がると考えられます。"
ステップアップ,175,リーダーになる人が押さえておきたいリーダーシップ基礎講座,階層別,"リーダーになる人が押さえておきたい
リーダーシップ基礎講座",120,"・リーダーとして考えるべき方向性の考え方を学ぶことができる
・方向性実現のために必要な組織維持と組織発展を学ぶことができる
・リーダーとしての行動のあり方を学ぶことができる
１自身のキャリアを考える
２組織の方向性
３方針実現のために必要なこと
４組織維持のために必要なこと
５モチベーション理論
６組織発展のために必要なこと
７問題解決
８メンバーシップの重要性
９部分最適と全体最適
10巻き込み力
11行動動機の5つのポイント
12マネジメント力","リーダーとして活躍するために必要な内容を学ぶことができます。リーダーになった自分の過去のキャリアの確認から組織の方向性と方針実現に必要なこと、そしてその方針実現のために必要とされる組織維持や組織発展の考え方などが含まれます。さらに組織維持や組織発展のために必要な問題解決やメンバーシップ、巻き込み力などを簡潔に学ぶことができる内容となっています。
リーダーと言われてもなかなか上手くできない、リーダーとは何をするべきであるのかわからないという人は少なくありません。リーダーとして活躍するために必要な要素を理解することでこれからリーダーの役割を担う人、現在リーダーの役割を担っている人のどちらにも活かすことができます。リーダーとして活躍することが自分のステージを上げることにつながります。"
ステップアップ,176,折れない心を手に入れたい人のためのレジリエンス講座,階層別,"折れない心を手に入れたい人のための
レジリエンス講座",60,"・ストレスやプレッシャーの影響を学ぶことができる
・折れない心を身につける方法を学ぶことができる
・ステップを踏んでレジリエンスを実践することができる
１ストレスやプレッシャーの影響
２VUCAの時代
３レジリエンスとは
４自己認識・自制心・精神的敏捷性
５楽観性・自己効力感・つながり
６レジリエンスの考え方","様々なことが不確実で先の見えない時代の中でストレスやプレッシャーを抱えることが多くなってきています。同じ環境であってもストレスやプレッシャーに負けない人もいれば、負けてしまう人もいます。仕事の中で継続的に成果を出していくためには避けることはできないストレスなどを負けない折れない心が大切です。この講座は折れない心を身につけるための内容です。
活躍する人はストレスやプレッシャーに負けない心を持っていることが多いものです。その人たちも最初から折れない心を持っていたわけではありません。今まで経験した内容から少しずつ強化された結果です。折れない心を持つための行動をすることで徐々に心が強化されていき様々な状況に耐える力を持つことができます。その強い心が継続的な活躍の基盤となります。"
ステップアップ,177,知っている人だけが上手くいく！改善のためのPDCA講座,階層別,"知っている人だけが上手くいく！
改善のためのPDCA講座",60,"・PDCAの基本から学ぶことができる
・PDCAが止まる原因を学ぶことができる
・各段階でのポイントを学ぶことができる
１PDCAの仕組み
２PDCAを止めないためには
３実行時（D）で発生すること
４確認時（C）で発生すること
５改善（A）はスピードが大切
６改善（A）は考え方が大切","改善を実施する上で欠かすことができないことがPDCAです。PDCAを知っていても上手に使えない人も多いものです。ここではPDCAの仕組みからPDCAが止まりにくくなるするために必要なこと、そして各段階で発生することや改善をするために必要な考え方を学ぶことができます。PDCAは改善をする際には必ず必要となるものです。上手に回すポイントを理解できる内容です。
PDCAは改善はもちろんのこと、そのほかの場面でも必要とされるものです。PDCAを上手に回すことができると様々なことが時間の経過と共に発展していきます。
PDCAが回るに従って自身のスキル向上はもちろんのこと今以上の成果を出すことができるようになります。
PDCAのポイントを理解し、自身の発展につなげられるようにしていきましょう。"
ステップアップ,178,成果向上につなげるための改善力向上講座,階層別,"成果向上につなげるための
改善力向上講座",120,"・改善点を見出す方法を学ぶことができる
・改善点の考え方を学ぶことができる
・適切な改善を実施するための地頭の鍛え方を学ぶことができる
１改善の重要性
２改善が及ぼす効果
３改善点を探すポイント①
４改善点を探すポイント②
５改善点を探すポイント③
６改善行動の基本
７具体的な改善の手順①
８具体的な改善の手順②
９地頭の重要性
10地頭を構成する要素
11地頭の鍛え方　その1
12地頭の鍛え方　その2","改善をするためには改善点を見出し、その内容を適切に改善するための案を考え、実行していくことが必要です。そのために必要な改善点を探すポイントや改善行動の基本、改善の手順、そして適切な改善をするために必要な地頭の鍛え方を学ぶことができます。表面的な改善方法だけでなく、本当の意味で価値のある改善をするために必要なポイントが入っている内容です。
仕事は考え方によっては改善の連続です。どのようなことでも必ず改善を必要とします。改善が上手にできないケースでは改善点を見出せない、改善案を考えられない、改善手順がわからないといったことが多く見られます。改善のポイントを理解し、実践することで仕事における多くの内容を向上させ、今以上の成果を上げることができるようになります。"
ステップアップ,179,物事を根本から考える！問題解決力向上講座,階層別,"物事を根本から考える！
問題解決力向上講座",120,"・問題の捉え方を学ぶことができる
・問題解決のプロセスを学ぶことができる
・問題解決に必要なマネジメントリーダーシップを学ぶことができる
１問題の根本
２マネジメントとリーダーシップ
３問題の種類と本質
４構造と階層化する
５仮説の重要性
６根本的解決と対処的解決
７最適の条件・レバレッジポイント
８コミュニケーションギャップ
９KPI
10PDCA
11マネジメント行動
12フィードバックのあり方","問題解決力を向上させるためには様々な要素が必要となります。その要素であるマネジメント的能力、リーダーシップ的能力、問題の把握、解決に必要な仮説、解決のゴールなどがそれに当たります。問題を解決していくプロセスに必要なことも存在します。コミュニケーションや育成を含めたマネジメント行動です。それらの問題解決に必要な能力を広くカバーした内容です。
仕事では数多くの問題に遭遇します。その問題を上手に解決していける人が良い成果を残します。目の前にある問題を一時的に解決することも必要ですが、それだけでは本当の意味での問題解決にはなりません。そのために必要なマネジメントやリーダーシップも必要となります。問題解決力を向上させることは自分の職業人としての力をつけることにつながります。"
ステップアップ,180,目標達成したい人必見！目標管理講座,階層別,"目標達成したい人必見！
目標管理講座",60,"・目標管理の全体像を学ぶことができる
・正しい目標設定方法を学ぶことができる
・管理プロセスから大切なスタンスを学ぶことができる
１目標管理の重要性
２目標設定のポイント
３KPIを設定する
４目標設定後の管理
５目標のプロセス管理
６目標達成をするために必要なスタンス","目標管理をして成果に繋げるために必要な目標設定をする時のポイントから目標設定後に管理すべき項目と管理におけるプロセス管理のあり方の手法に加え、目標達成をするために必要なスタンスを学ぶことができます。
目標設定が苦手だと感じている人の多くは設定の仕方、設定後の管理、スタンスのいずれかが欠けていることが多いものです。それらを埋めることができる内容です。
目標設定は社会人において避けて通れないものです。苦手だからできませんは社会人としてだけでなく、人生で損をすることになります。目標設定のちょっとしたポイントを理解することで大きな飛躍につながることも少なくありません。そのちょっとを理解することが自身の成果の向上につながり、成果の向上がキャリアの向上にもつながるものです。そのちょっとしたポイントが自身の成長につながります。"
PCスキル,181,Office2013 Excel講座　エキスパートⅠ,,,120,,
PCスキル,182,Office2013 Excel講座　エキスパートⅡ,,,90,,
PCスキル,183,Office2013 Excel講座　エキスパートⅢ,,,90,,
PCスキル,184,Office2013 Excel講座　エキスパートⅣ,,,60,,
PCスキル,185,Office2013 Excel講座　エキスパートⅤ,,,180,,
PCスキル,186,Office2013 Excel講座　エキスパートⅥ,,,30,,
PCスキル,187,Office2013 Excel講座　エキスパートⅦ,,,150,,
PCスキル,188,Office2013 Excel講座　エキスパートⅧ,,,120,,
PCスキル,189,Office2016 Word講座Ⅰ,,,120,,
PCスキル,190,Office2016 Word講座Ⅱ,,,60,,
PCスキル,191,Office2016 Word講座Ⅲ,,,120,,
PCスキル,192,Office2016 Word講座Ⅳ,,,120,,
PCスキル,193,Office2016 Excel講座Ⅰ,,,120,,
PCスキル,194,Office2016 Excel講座Ⅱ,,,120,,
PCスキル,195,Office2016 Excel講座Ⅲ,,,120,,
PCスキル,196,Office2016 Excel講座Ⅳ,,,120,,
PCスキル,197,Office2016 PowerPoint講座Ⅰ,,,120,,
PCスキル,198,Office2016 PowerPoint講座Ⅱ,,,60,,
PCスキル,199,Office2016 PowerPoint講座Ⅲ,,,120,,
PCスキル,200,Office2016 PowerPoint講座Ⅳ,,,120,,
PCスキル,201,Access2019講座 Ⅰ,,Access2019講座 Ⅰ,120,"Accessの基礎を学ぶことができる
基本的なテーブル作成などを一通りの操作ができるようになる
事務関係の仕事に活かせる
・Accessについて
・テーブルの作成とレコードの編集
・テーブルの設定
・リレーションシップについて","基本的なテーブルの作成とレコードの編集、テーブルの設定、リレーションシップなどについて一通りの操作ができるようになります。全編スマホ対応。PCがなくてもスマホで気軽にAccess2019が学べます。
講師による動画解説と、操作シミュレーションを行う練習問題で構成されています。練習問題は、画面で指示される操作を最後まで行わないと修了となりません。そのためAccessの操作方法が確実に身に付けられます。
データベースの概念を理解することで、これまでExcelで行ってきた作業をより効率的に処理できるようになります"
PCスキル,202,Access2019講座 Ⅱ,,Access2019講座 Ⅱ,120,"利便性の高いデータを作成できるようになる
クエリ、フォーム、レポートなどを一通り操作できるようになる
事務関係の仕事に活かせる
・選択クエリの作成と編集
・フォーム機能
・レポート機能
・Accessの演算機能","クエリ、フォーム、レポート、演算、集計などについて一通りの操作ができるようになります。全編スマホ対応。PCがなくてもスマホで気軽にAccess2019が学べます。
講師による動画解説と、操作シミュレーションを行う練習問題で構成されています。練習問題は、画面で指示される操作を最後まで行わないと修了となりません。そのためAccessの操作方法が確実に身に付けられます。
利用者にとって利便性の高いデータを作成できるようになり、職場での生産性向上に役立てる人材になります。"
PCスキル,203,PowerPoint2019講座Ⅰ,,,90,,
PCスキル,204,PowerPoint2019講座Ⅱ,,,90,,
PCスキル,205,Word2019講座Ⅰ,,,90,,
PCスキル,206,Word2019講座Ⅱ,,,120,,
PCスキル,207,Word2019講座Ⅲ,,,120,,
PCスキル,208,Excel2019講座Ⅰ,,,120,,
PCスキル,209,Excel2019講座Ⅱ,,,120,,
PCスキル,210,Excel2019講座Ⅲ,,,120,,
PCスキル,211,Excel2013初級Ⅰー改訂版,,,240,,
PCスキル,212,Excel2013初級Ⅱー改訂版,,,240,,
PCスキル,213,Excel2013中級ー改訂版,,,240,,
PCスキル,214,Excel2013上級ー改訂版,,,240,,
PCスキル,215,Excel2013MOS試験対策ー改訂版,,,120,,
PCスキル,216,Word2013初級Ⅰー改訂版,,,240,,
PCスキル,217,Word2013初級Ⅱー改訂版,,,240,,
PCスキル,218,Word2013中級ー改訂版,,,240,,
PCスキル,219,Word2013上級ー改訂版,,,240,,
PCスキル,220,Word2013MOS試験対策ー改訂版,,,120,,
販売接客,221,販売員スキルアップ講座　「お客様の頭の中を理解しよう」,職能別,"販売員スキルアップ講座
「お客様の頭の中を理解しよう」",120,"・学習の目的とAISAS
・4つのステップ
・実例1(カメラの購入)
・実例2(ホテルの予約)","この講座では、お客様の購買行動プロセスを説明するモデルのひとつAISAS（アイサス）を学びます。お店の中でのお客様の頭の中を想像できるようになり、適切な接客ができることが目標です。
購買行動プロセスを学ぶことで、お客様が何を望んでいるのか、次にどのような情報を必要としているのかを考えられるようになり、良い接客ができるようになります。良い接客を行えるようになることは、成果（売上）につながり、ひいては派遣先でのキャリアアップにもつながると考えています。"
販売接客,222,販売員スキルアップ講座　「アプローチからクロージングまで」,職能別,"販売員スキルアップ講座
「アプローチからクロージングまで」",120,"・学習の目的
・アプローチ
・ヒアリング
・クロージング","この講座では、お客様への最初のお声がけ（タイミングやフレーズ）から、お客様への質問への対応方法、購入を迷われているお客様への後押しについて学びます。
アプローチからクロージングまでの具体的な接客時のポイントを学ぶことで、お客様の買い物を上手にフォローすることができるようになります。気持ちよく接客対応できることは、成果（売上）につながり、ひいては派遣先でのキャリアアップにもつながると考えています。"
販売接客,223,販売員スキルアップ講座　「店舗での人間関係」,職能別,"販売員スキルアップ講座
「店舗での人間関係」",120,"・コミュニケーションのタイプ
・コミュニケーショントレーニング①
・コミュニケーショントレーニング②
・コミュニケーションに必要な考え方と行動","この講座では、コミュニケーションの3つのタイプ「PCA（P:Parent、C:Child、A:Adult）」を学びます。自分自身のコミュニケーションのタイプ（傾向）を知った上で、店舗での良好な人間関係が必要な理由と具体的な関係構築の方法を学びます。
良好な人間関係を築くためのコミュニケーション力を学ぶことで、職場での関係性が良くなり、お互いの接客をフォローし合えるようにあります。適切な接客ができる確率が増えるため、成果（売上）につながります。また、チームで成果を上げられるスタッフは、リーダー候補にもなるため、派遣先での更なるキャリアアップにもつながると考えています。"
販売接客,224,販売員スキルアップ講座　「リピーターの作り方」,職能別,"販売員スキルアップ講座
「リピーターの作り方」",120,"・新規顧客をリピーターにする方法①
・新規顧客をリピーターにする方法②
・リピーターを増やす接客","この講座では、リピーターの獲得の重要性を学びます。また自分のお店にリピートしてもらうための方法と、そのために必要なお客様への接客方法を学びます。
一度買い物をしていただいたお客様に、再度足を運んでいただくことが店舗の売上増加や安定には重要です。リピーターの獲得（自分のファンを作ること）は、継続的に安定した売上につながり、ひいては派遣先でのキャリアアップにもつながると考えています。"
CADスキル,225,製図の基礎　Ⅰ,,,60,,
CADスキル,226,製図の基礎　Ⅱ,,,150,,
CADスキル,227,製図の基礎　Ⅲ,,,240,,
CADスキル,228,製図の基礎　Ⅳ,,,30,,
CADスキル,229,AutoCAD（2D）講座　Ⅰ,職能別,AutoCAD（2D）講座Ⅰ,120,"1.AutoCADの基本
・起動、構成、画面操作、図面削除
2.AutoCADの基本操作
・作図補助機能（直行モード）
・オブジェクトスナップ
・一時オブジェクトスナップ
・極トラッキング
・オブジェクトスナップトラッキング
・画層プロパティ管理
・画層コントロール
・オブジェクトプロパティ管理",本研修はCADの操作をしたことがない人を対象としており、CADを立ち上げるところから、基本操作を使いこなして図面を作成するまで、体系的に学習することができます。事務関係の業務をしているスタッフが、CADのスキルを学び、キャリアアップのために就業先を広げられることを目的としています。
CADスキル,230,AutoCAD（2D）講座　Ⅱ,職能別,AutoCAD（2D）講座Ⅱ,360,"1.線を描いて図形をCADデータ化する
・基本操作
・修正操作
2.形状に寸法や文字を入れていくには
・並列寸法記入
・角度寸法記入
・直列寸法記入
・円の寸法記入
・円筒形の寸法記入
・寸法記入
・文字入力","本研修では、紙の図面を手渡されてた際に、CADデータを作成できることを目的としています。CAD操作に必要なエッセンスが凝縮された練習シートを活用して基本操作を練習します。解説を見た後はシミュレーションで復習することができ、基本操作を身に着けることができます。
初級を受けたスタッフが引き続き職種転換訓練として訓練を受け、CAD操作技術を身に着けていただきます。"
CADスキル,231,AutoCAD（2D）講座　Ⅲ,職能別,AutoCAD（2D）講座　Ⅲ,480,"この講座では、AutoCADに関する前提知識がゼロの人を対象としています。
図形や各種図面をＣＡＤデータ化する為の操作を学び、その後、演習問題で実際にイチから完成図面をトレースします。
イントロダクション
資料ダウンロード
フラスコ形状部品の作図
放射形状部品の作図
三角法に準拠した部品形状の作図vol:1
三角法に準拠した部品形状の作図vol:2
まとめ
章末テスト
修了テスト",図面を手渡しされたら、CADを立ち上げ、すらすらとトレースできるようになることで、実際にAutoCADを使えることはキャリアアップに繋がると考えます。
CADスキル,232,3DCAD講座,職能別,3DCAD講座,300,"この講座では、基本操作を映像で学び、パーツの作成、組み立て・図面作図まで、一操作ずつ解説し、疑似操作をして学習します。
イントロダクション
１．3DCADとは
１．3DCADに触れて慣れよう！
２．寸法数値を加えてモデリングしながら基本操作を知ろう！
３．3Dパーツのながれを掴もう！
【練習問題】3Dパーツのながれを掴もう！
４．図面を元に正式な３Dパーツモデリングをしよう！
【練習問題】図面を元に正式な3Dパーツモデリングをしよう！
５．機械製品をモデリングしよう！
【練習問題】機械製品をモデリングしよう！ 
６．作成したモデルを追加・編集しよう！
７．機械分野特有の指示に従ってパーツを作成しよう！
【練習問題】機械分野特有の指示に従ってパーツを作成しよう！
８．局面や軸形状のパーツを作成しよう！
９．身近なパーツを作成しよう！
【練習問題】身近なパーツを作成しよう！
１０．機械装置のパーツを作成しよう！
【練習問題】機械分野特有の指示に従ってパーツを作成しよう！
【練習問題】機械装置のパーツを作成しよう！
１．身近なものを組み合わせよう！
２．専門的な機械装置をアセンブリーしよう！
１．3Ｄモデリングしたパーツを図面化しよう！
まとめ","CADの業界の中で、3次元CADのユーザーが非常に少ない現状があります。
3次元CADの知識と技能を得られることで、これからのキャリアアップに繋がると考えます。"
ITスキル,233,サーバ・ネットワーク技術者講座　基礎編Ⅰ,職能別,サーバ・ネットワーク技術者講座 基礎編Ⅰ,60,"1. イントロダクション
2. コンピュータの5大機能とは？
3. ハードウェアとソフトウェア
4. OSとアプリケーション
5. 周辺機器とドライバ
6. 拡張子を理解する
基礎編第1章 総合問題","コンピュータの基礎知識として、ハードウェアやソフトウェアの違い、拡張子とは何かなどを基礎から学ぶことができます。
これらを学ぶことでコンピュータの基礎的な使い方や知識、コンピュータの主な機能についての知識を身に付けることができます。
コンピュータの性質を学ぶことで、今後学んでいくネットワークやサーバの知識を身に付ける上でも重要な土台をつくることになり、
サーバ・ネットワーク技術者としてのキャリアアップに繋がると考えます。"
ITスキル,234,サーバ・ネットワーク技術者講座　基礎編Ⅱ,職能別,サーバ・ネットワーク技術者講座 基礎編Ⅱ,120,"1. イントロダクション
2. 個人から通信ネットワークへの接続方法
3. コンピュータネットワーク
4. コンピュータ同士をつなぐ
5. ブロードバンドとデータの単位
6. LAN
7. LAN間接続の機器
8. プロトコル（1）
9. プロトコル（2）
10. インターネットのしくみ
基礎編第2章 総合問題","ネットワークやその仕組みについて焦点を当てて、プロトコルやネットワークのつなぎ方、インターネットの仕組みなどを学ぶことができます。
インターネットの仕組みやルールを学ぶことで、今後学んでいくネットワークやサーバの知識を身に付ける上でも重要な土台をつくることになり、
サーバ・ネットワーク技術者としてのキャリアアップに繋がると考えます。"
ITスキル,235,サーバ・ネットワーク技術者講座　基礎編Ⅲ,職能別,サーバ・ネットワーク技術者講座 基礎編Ⅲ,120,"1. イントロダクション
2. Linux概要
3. ファイルとユーザ
4. コマンド
5. ディレクトリとパス
6. Linuxの起動
7. ファイル/ディレクトリ管理に使用するコマンド（1）
8. ファイル/ディレクトリ管理に使用するコマンド（2）
9. ファイル/ディレクトリ管理に使用するコマンド（3）
10. テキストフィルタ
11. ファイルの中身を表示する
12. その他のコマンド
基礎編第3章 総合問題","「Linux」と呼ばれるサーバ周りに強いOS学ぶことができます。
汎用的かつ多くの企業で使われているLinuxを学ぶことで、コンピュータの基礎を固めることができ、OSの基礎を身に付けることができます。
OSの知識を学ぶことでこれから学んでいくサーバの知識が定着しやすくなり、
サーバ・ネットワーク技術者としてのキャリアアップに繋がると考えます。"
ITスキル,236,サーバ・ネットワーク技術者講座　基礎編Ⅳ,職能別,サーバ・ネットワーク技術者講座 基礎編Ⅳ,240,"1. イントロダクション　　　　　　　　2. ファイルシステム
3. ユーザ管理（1）　　　　　　　4. ユーザ管理（2）
5. ユーザ管理（3）　　　　　　　6. ユーザ管理（4）
7. ユーザ管理（5）　　　　　　　8. ユーザ管理（6）
9. デフォルト設定の変更　　　　　10. 作業ユーザの変更
11. テキストフィルタ　　　　　　　　基礎編第4章 総合問題
1. イントロダクション　　　　　　　　2. シェル
3. リダイレクト(1）　　　　　　　　4. リダイレクト（2)
5. パイプ　　　　　　　　　　　　　　6. grepコマンド
7. 基本的なコマンド（1）　　　　8. 基本的なコマンド（2）
9. ファイルのセキュリティ（1）　　10. ファイルのセキュリティ（2）
11. ファイルのセキュリティ（3）　12. 基本的なコマンド（3）
13. 基本的なコマンド（4）　　 基礎編第5章 総合問題","Linuxの基礎として、ファイルの管理方式やユーザアカウントの管理方法、ファイルのセキュリティについて学ぶことができます。
Linuxを通しての学習となりますが、ファイルのセキュリティやアカウントの管理などはどのOSを通しても必要となる知識も身につけることは、
サーバ・ネットワーク技術者としてのキャリアアップに繋がると考えます。"
ITスキル,237,サーバ・ネットワーク技術者講座　ネットワーク編Ⅰ,職能別,サーバ・ネットワーク技術者講座 ネットワーク編Ⅰ,240,"1. OSI参照モデル　　　　 　　　　　　2. TCP/IPモデル
3. トポロジー　　　　　　　　 　 　　　　4. MACアドレス
5. IPアドレス　　　　　　　　 　 　　　　6. サブネットマスク
7. 3種類の通信方法　　　　　　　　　　
ネットワーク編第1章 総合問題
1. LAN　　　　　　　　　　　　　　　　　2. Ethernet
3. Transmission　　　　　   　　　　4. UTPCableType
5. FrameFormat　　　　　　 　　　　6. CSMA/CD
7. ネットワークデバイス（1）　　　　　8. ネットワークデバイス（2）
9. ネットワークデバイス（3）　　
ネットワーク編第2章 総合問題","ネットワークの知識についてより深く掘り下げて学ぶことができます。
前提として基礎的なネットワークやコンピュータの知識が必要となりますので、基礎講座を修了された上での受講をお勧め致します。
ネットワークのデバイス、ルータなどの役割や、端末を識別するために使われるMACアドレスとは何かなど、専門的な分野に一歩踏み込んだ内容となります。
ネットワークの専門的な分野の知識を身に付けることは、
サーバ・ネットワーク技術者としてのキャリアアップに繋がると考えます。"
ITスキル,238,サーバ・ネットワーク技術者講座　ネットワーク編Ⅱ,職能別,サーバ・ネットワーク技術者講座 ネットワーク編Ⅱ,240,"1. IP
2. ARP
3. ICMP
4. ping
5. TCP（1）
6. TCP（2）
7. UDP
8. ドメイン
9. ファイル転送
10. 転送プロトコル
ネットワーク編第3章 総合問題","基礎編でも解説したプロトコルをさらに掘り下げて学ぶことができます。
目的別に様々なプロトコルがあるため、ファイル転送の仕組みやインターネットで使用するケースなど、それぞれに焦点を当てていきます。IPなど聞き覚えのある言葉もあるかもしれません。各プロトコルの性質を知ることで、ネットワークの通信技術を身に付けることができます。
プロトコルの専門的な分野の知識・ネットワークの通信技術を身に付けることは、
サーバ・ネットワーク技術者としてのキャリアアップに繋がると考えます。"
ITスキル,239,サーバ・ネットワーク技術者講座　ネットワーク編Ⅲ,職能別,サーバ・ネットワーク技術者講座 ネットワーク編Ⅲ,120,"1. VLAN
2. デフォルトVLANと管理VLAN
3. アクセスポート
4. Static. VLAM
5. Dynamic. VLAN
6. トランクポート
7. トランキングプロトコル
8. VLAN間ルーティング
9. サブインターフェース
10. L3スイッチによるVLAN間ルーティング
ネットワーク編第4章 総合問題","VLANと呼ばれるネットワーク構造を変える技術について学ぶことができます。
構築、維持、運用、保守をしていく上でネットワーク構造を理解し、調節できる技術を身に付けることは、
サーバ・ネットワーク技術者としてのキャリアアップに繋がると考えます。"
ITスキル,240,サーバ・ネットワーク技術者講座　ネットワーク編Ⅳ,,,120,,
ITスキル,241,サーバ・ネットワーク技術者講座　ネットワーク編Ⅴ,,,240,,
ITスキル,242,サーバ・ネットワーク技術者講座　ネットワーク編Ⅵ,,,240,,
ITスキル,243,PHPプログラミング講座(初級)Ⅰ,,,120,,
ITスキル,244,PHPプログラミング講座(初級)Ⅱ,,,120,,
ITスキル,245,PHPプログラミング講座(初級)Ⅲ,,,120,,
ITスキル,246,PHPプログラミング講座(中級)Ⅰ,,,120,,
ITスキル,247,PHPプログラミング講座(中級)Ⅱ,,,120,,
ITスキル,248,PHPプログラミング講座(中級)Ⅲ,,,60,,
ITスキル,249,Webデザイン講座,,,,,
ITスキル,250,右脳で学ぶウェブプログラム入門～JavaScript/jQuery編～　Ⅰ,,,360,,
ITスキル,251,右脳で学ぶウェブプログラム入門～JavaScript/jQuery編～　Ⅱ,,,190,,
ITスキル,252,右脳で学ぶウェブプログラム入門～JavaScript/jQuery編～　Ⅲ,,,330,,
ITスキル,253,右脳で学ぶスマートフォンサイト制作講座　Ⅰ,,,260,,
ITスキル,254,右脳で学ぶスマートフォンサイト制作講座　Ⅱ,,,220,,
ITスキル,255,右脳で学ぶスマートフォンサイト制作講座　Ⅲ,,,210,,
ITスキル,256,右脳で学ぶスマートフォンサイト制作講座　Ⅳ,,,190,,
ITスキル,257,jQuery Mobileでスマートフォンサイト作成講座,,,200,,
ITスキル,258,HTML講座Ⅰ,職能別,HTML講座 Ⅰ,60,"テキストエディタ インストールマニュアル
インターネットの仕組み
Webサーバとブラウザの役割
Webサイトを公開するには
Webサイトの設計","HTMLに触れたことがない方でも、基礎から学べる講座です。
インターネットの仕組みから、Webサイトの設計まで、インターネットとは何か？を基本から学びます。
Webページの基本であるインターネットとは何かを学ぶことで、Webページを制作できる基礎知識をつけることは、Web制作のクリエイターとしてキャリアアップに繋がると考えます。"
ITスキル,259,HTML講座Ⅱ,職能別,HTML講座 Ⅱ,90,"Webサイトを作るための言語
HTMLの歴史
HTMLの作成方法
要素とタグ
ドキュメントを書いてみる
ドキュメントをリンクする","HTMLに触れたことがない方でも、基礎から学べる講座です。
HTMLの歴史や、タグを使ってのHTML作成方法などを学びます。
Webページの基本であるHTMLの歴史や作成方法学ぶことで、Webページを制作できる基礎知識をつけることは、Web制作のクリエイターとしてキャリアアップに繋がると考えます。"
ITスキル,260,HTML講座Ⅲ,職能別,HTML講座 Ⅲ,60,"ドキュメントの構造を示す
文字の装飾
リストと文字参照
先生インタビュー
表を作る
表の活用","HTMLに触れたことがない方でも、基礎から学べる講座です。
HTMLでの表現方法や、タグを使って表を作成する方法などを学びます。
Webページの基本であるHTMLの表現方法や表の作成方法学ぶことで、Webページを制作できる基礎知識をつけることは、Web制作のクリエイターとしてキャリアアップに繋がると考えます。"
ITスキル,261,HTML講座Ⅳ,職能別,HTML講座 Ⅳ,60,"フォームの作成
様々なGUI部品
イメージデータ
マルチメディア","HTMLに触れたことがない方でも、基礎から学べる講座です。
Webサイトに必要な「フォーム」の作成や、文字以外の情報であるイメージデータなどを学びます。
Webページの基本であるHTMLのフォームの作成方法やイメージデータを学ぶことで、Webページを制作できる基礎知識をつけることは、Web制作のクリエイターとしてキャリアアップに繋がると考えます。"
ITスキル,262,HTML講座Ⅴ,職能別,HTML講座 Ⅴ,150,"総合演習
模範解答","HTML講座でこれまでに学んだことを使って実際に演習をし、模範解答を確認します。
Webページの基本であるHTMLを使って演習をして実際にページを作成することは、Web制作のクリエイターとしてキャリアアップに繋がると考えます。"
ITスキル,263,CSS講座Ⅰ,職能別,CSS講座 Ⅰ,90,"CSSの役割と書き方
style属性としてのCSSの指定
style要素としてのCSSの指定
CSSファイルの作成と指定
idセレクタとクラスセレクタ
その他のセレクタと詳細度
先生インタビュー","CSSに触れたことがない方でも、基礎から学べる講座です。
CSSの基礎である役割と書き方、セレクタについて学びます。
HTMLで記述した文章の論理構造に文字の色やサイズ、ページのレイアウトなどのページの装飾を行うための言語であるCSSの基本・セレクタを学習することは、Web制作のクリエイターとしてキャリアアップに繋がると考えます。"
ITスキル,264,CSS講座Ⅱ,職能別,CSS講座 Ⅱ,60,"フォント
色とその指定
位置と間隔
背景の指定","CSSに触れたことがない方でも、基礎から学べる講座です。
サイトを彩る文字の装飾や段落の位置、背景画像の設定などを学びます。
HTMLで記述した文章の論理構造に文字の色やサイズ、ページのレイアウトなどのページの装飾を行うための言語であるCSSの文字と段落・背景と画像を学習することは、Web制作のクリエイターとしてキャリアアップに繋がると考えます。"
ITスキル,265,CSS講座Ⅲ,職能別,CSS講座 Ⅲ,90,"罫線
罫線の修飾
ボックス
回り込みの解除
段組み
フレキシブルボックス
インラインフレームとナビゲーションメニュー
先生インタビュー","CSSに触れたことがない方でも、基礎から学べる講座です。
デザインに利用できる罫線や余白、ボックスやレイアウトを学びます。
HTMLで記述した文章の論理構造に文字の色やサイズ、ページのレイアウトなどのページの装飾を行うための言語であるCSSの文字と段落・背景と画像を学習することは、Web制作のクリエイターとしてキャリアアップに繋がると考えます。"
ITスキル,266,CSS講座Ⅳ,職能別,CSS講座 Ⅳ,90,"要素の変形
要素の変化
アニメーション
レスポンシブデザインとは
メディアクエリ
レスポンシブデザインの実際
グリッドシステム","CSSに触れたことがない方でも、基礎から学べる講座です。
要素の変形・変化やアニメーションのつけ方、また、レスポンシブデザインとは何か？を学ぶことができる講座です。
HTMLで記述した文章の論理構造に文字の色やサイズ、ページのレイアウトなどのページの装飾を行うための言語であるCSSの変形とアニメーション・レスポンシブデザインを学習することは、Web制作のクリエイターとしてキャリアアップに繋がると考えます。"
ITスキル,267,CSS講座Ⅴ,職能別,CSS講座 Ⅴ,150,"総合演習
模範解答","CSS講座でこれまでに学んだことを使って実際に演習をし、模範解答を確認します。
HTMLで記述した文章の論理構造に文字の色やサイズ、ページのレイアウトなどのページの装飾を行うための言語であるCSSを使って演習をして実際にページを作成することは、Web制作のクリエイターとしてキャリアアップに繋がると考えます。"
ITスキル,268,JavaScript講座Ⅰ,職能別,Javascript講座 Ⅰ,120,"Webアプリ開発環境　インストールマニュアル
JavaScriptの役割と書き方
HTML内に直接書く方法
外部ファイルとして書く方法
JavaScriptの実行とデバッグ
変数と定数
変数の演算","JavaScriptに触れたことがない方でも、基礎から学べる講座です。
JavaScriptの基本から、変数と定数、演算の方法を学んでいきます。
HTMLやCSSでは表現できないインタラクティブな表現方法ができるJavascriptの基本を学習することは、Web制作のクリエイターとしてキャリアアップに繋がると考えます。"
ITスキル,269,JavaScript講座Ⅱ,職能別,Javascript講座 Ⅱ,120,"条件分岐
繰り返し
補助制御文
先生インタビュー
配列とは
繰り返しと配列
連想配列","JavaScriptに触れたことがない方でも、基礎から学べる講座です。
条件の分岐や繰り返しなどの制御構文、配列の方法などを学んでいきます。
HTMLやCSSでは表現できないインタラクティブな表現方法ができるJavascriptの制御構文・配列を学習することは、Web制作のクリエイターとしてキャリアアップに繋がると考えます。"
ITスキル,270,JavaScript講座Ⅲ,職能別,Javascript講座 Ⅲ,120,"関数とは
関数の作成と利用
スコープ
オブジェクトとは
Stringオブジェクト
Mathオブジェクト
Dateオブジェクト
オブジェクトの作成と利用
先生インタビュー","JavaScriptに触れたことがない方でも、基礎から学べる講座です。
関数やオブジェクトの作成から、利用方法までを学んでいきます。
HTMLやCSSでは表現できないインタラクティブな表現方法ができるJavascriptの関数・オブジェクトを学習することは、Web制作のクリエイターとしてキャリアアップに繋がると考えます。"
ITスキル,271,JavaScript講座Ⅳ,,,90,,
ITスキル,272,JavaScript講座Ⅴ,,,120,,
ITスキル,273,JavaScript講座Ⅵ,,,120,,
ITスキル,274,JavaScript講座Ⅶ,,,120,,
ITスキル,275,JavaScript講座Ⅷ,,,150,,
ITスキル,276,Photoshop2020講座初級編,職能別,Photoshop2020講座初級編,120,"1.基本画面・パネルの見方を知ろう
2.環境設定をしよう
3.Photoshopでできること
4.Photoshop 2020 新機能を見てみよう
5.ファイルの新規作成、保存をしよう
6.写真を補正しよう(1)~明るさ・色調・トーンカーブ~
7.写真を補正しよう(2)~彩度・トリミング~
8.写真を補正しよう(3)~傾き補正・オブジェクトの除去~
9.写真を補正しよう(4)~人物レタッチ~
10.写真を補正しよう(5)~コピースタンプツール~
11.シミュレーション問題","初級編は、Photoshop2020の新機能を含めた概要、基本的な使い方や、写真の補正について学びます。仕事を効率よく進める機能や操作を学ぶことができます。
Photoshop2020の使い方を学習できて、写真の補正についての基礎を学べます。
これによりデザイナとしてのキャリアアップに繋がると考えます。"
ITスキル,277,Photoshop2020講座中級編,職能別,Photoshop2020講座中級編,120,"1.選択範囲の作り方(1)~基本~
2.選択範囲の作り方(2)~応用~
3.マスクの作成をしよう(1)~基本~
4.マスクの作成をしよう(2)~応用~
5.コンテンツに応じて拡大・縮小で画像を編集しよう
6.シェイプで色々な図形を作ってみよう
7.写真を合成しよう
8.バナーを作ろう(1)~アートボードとスマートオブジェクト~
9.バナーを作ろう(2)~文字入力とデザイン~
10.バナーを作ろう(3)~書き出しと修正~
11.シミュレーション問題","中級編は、選択範囲とマスクについて理解し、合成写真やバナー画像を制作できるように学習します。仕事を効率よく進める機能や操作を学ぶことができます。
写真の編集などのスキルアップができて、業務効率の向上に貢献します。これによりデザイナとしてのキャリアアップに繋がると考えます。"
ITスキル,278,Photoshop2020講座上級編,,,120,,
ITスキル,279,Illustrator2020講座初級編,職能別,Illustrator2020講座初級編,120,"基本画面・パネルの見方を知ろう
環境設定をしよう
Illustratorでできること
Illustrator 2020 新機能を見てみよう
ファイルの新規作成、保存をしよう
図形を描こう
塗りと線、整列を学ぼう
回転/リフレクトツールとパスファインダー
図形を組み合わせてイラストを描こう
イラストアイコンを作ろう
シミュレーション問題","初級編は、Illustrator2020の新機能を含めた概要、基本的な使い方や、イラスト作成を学びます。仕事を効率よく進める機能や操作を学ぶことができます。
Illustrator2020の使い方を学習できて、イラストの作成について基礎を学べます。 これによりデザイナとしてのキャリアアップに繋がると考えます。"
ITスキル,280,Illustrator2020講座中級編,職能別,Illustrator2020講座中級編,120,"ペンツールを使おう
ペンツールでトレースしよう
ブラシツールを使おう
パターンを作成しよう
文字を入力しよう
アピアランスで装飾しよう
マスクを作成しよう
ロゴを作ろう
名刺を作ろう
地図を作ろう
シミュレーション問題","中級編は、ペンツールの扱い方やマスクを理解し、ロゴや名刺、地図を制作します。仕事を効率よく進める機能や操作を学ぶことができます。
プロが実際の業務で利用している仕事を効率よく進める機能や操作を学ぶことができます。
DTPでもwebでも必要となるイラストやロゴの作成ができるようになります。これによりデザイナとしてのキャリアアップに繋がると考えます。"
ITスキル,281,Illustrator2020講座上級編,,,120,,
試験対策,282,第一種衛生管理者試験対策講座 Ⅰ,,第一種衛生管理者試験対策講座Ⅰ,120,第一種衛生管理者試験の中で労働生理について学びます。循環器系、呼吸器系、運動器系、消化器系、内分泌系、代車系、感覚器系など試験に出やすい内容を中心に学ぶことができます。重要語句などを確認した上で実施する確認テストでは語句や内容の確認と試験に近い問題で構成されており、知識の確認が行える内容になっています。,第一種衛生管理者試験は労働衛生に関する幅広い知識が必要とされます。法令だけでなく労働衛生に係る人体の仕組みである労働生理もその範囲です。これらを学ぶことで労働衛生を管理する立場の知識を得ることができます。
試験対策,283,第一種衛生管理者試験対策講座 Ⅱ,,第一種衛生管理者試験対策講座Ⅱ,120,第一種衛生管理者試験の中で労働衛生について学びます。衛生管理体制、食中毒、作業管理、健康管理、健康診断、労働衛生統計、メンタルヘルスについて学ぶことができます。重要語句などを確認した上で実施する確認テストでは語句や内容の確認と試験に近い問題で構成されており、知識の確認が行える内容になっています。,第一種衛生管理者試験は労働衛生に関する幅広い知識が必要とされます。法令だけでなく作業管理や健康管理などの労働衛生もその範囲です。労働衛生を学ぶことで安全に作業をするための管理手法をはじめとした管理の知識を得ることができます。
試験対策,284,第一種衛生管理者試験対策講座 Ⅲ,,第一種衛生管理者試験対策講座Ⅲ,120,第一種衛生管理者試験の中での労働衛生と労働安全衛生法について学びます。出題頻度の高い内容を中心に構成されています。確認テストでは知識定着を確認するための問題と試験に近い問題です。ポイントを絞って学習をすることができる内容になっています。,第一種衛生管理者試験における労働衛生と労働安全衛生法は実務にも活かすことができる内容です。職場環境を改善に必要な内容や災害発生時に行うべき適切な対処方法、それらに伴う法令などを学ぶことにより職場における危険を事前に回避することや適切な改善活動を実施することができます。
試験対策,285,第一種衛生管理者試験対策講座 Ⅳ,,第一種衛生管理者試験対策講座Ⅳ,120,第一種衛生管理者試験の中での関係法令と労働衛生（有害業務）について学びます。法律面の内容や有害業務における労働衛生のポイントがまとめられています。法律等を全て覚えることができれば良いのですが難しいのが現実です。その点でポイントを押さえた学習と自身の習得度合いを確認しながら進めることができる講座です。,第一種衛生管理者試験における関係法令と労働衛生（有害業務）は日常的に学ぶことが少ない内容です。学習とをすることで職場の環境を検討する際などに活かせる知識です。知らないうちに法律違反をしていることを防ぐことができます。
試験対策,286,第一種衛生管理者試験対策講座 Ⅴ,,第一種衛生管理者試験対策講座Ⅴ,120,第一種衛生管理者試験の中での労働衛生（有害業務）、関係法令（有害業務）について学びます。有害業務分野は試験での頻出問題も多く重要なポイントです。有害業務以外の分野と混同しないように気をつけて進めることが大切です。ポイントを押さえた内容となっており、確認テストでは自身の習得度合いを確認しながら進めることができる講座です。,有害業務分野については様々なルールが存在します。そのルールを理解することが安全に仕事をする基盤となります。これらの内容を体系的に理解することで安全に確実に作業をすることができる力が身につきます。有害業務の知識を通して作業への視点が変化してスキルの向上が見込めます。
試験対策,287,一種証券外務員試験対策講座Ⅰ,,,120,,
試験対策,288,一種証券外務員試験対策講座Ⅱ,,,120,,
試験対策,289,一種証券外務員試験対策講座Ⅲ,,,120,,
試験対策,290,一種証券外務員試験対策講座Ⅳ,,,90,,
試験対策,291,一種証券外務員試験対策講座Ⅴ,,,120,,
試験対策,292,一種証券外務員試験対策講座Ⅵ,,,120,,
試験対策,293,一種証券外務員試験対策講座Ⅶ,,,60,,
試験対策,294,一種証券外務員試験対策講座Ⅷ,,,120,,
試験対策,295,一種証券外務員試験対策講座Ⅸ,,,120,,
試験対策,296,一種証券外務員模擬試験,,,180,,
試験対策,297,二種証券外務員試験対策講座Ⅰ,,,120,,
試験対策,298,二種証券外務員試験対策講座Ⅱ,,,120,,
試験対策,299,二種証券外務員試験対策講座Ⅲ,,,120,,
試験対策,300,二種証券外務員試験対策講座Ⅳ,,,90,,
試験対策,301,二種証券外務員試験対策講座Ⅴ,,,120,,
試験対策,302,二種証券外務員試験対策講座Ⅵ,,,120,,
試験対策,303,二種証券外務員試験対策講座Ⅶ,,,60,,
試験対策,304,二種証券外務員模擬試験,,,180,,
試験対策,305,日商簿記3級試験対策講座 Ⅰ,,,120,,
試験対策,306,日商簿記3級試験対策講座 Ⅱ,,,120,,
試験対策,307,日商簿記3級試験対策講座 Ⅲ,,,120,,
試験対策,308,証券外務員対策コース 二種　2021年Ⅰ,,,120,,
試験対策,309,証券外務員対策コース 二種　2021年Ⅱ,,,240,,
試験対策,310,証券外務員対策コース 二種　2021年Ⅲ,,,180,,
試験対策,311,証券外務員対策コース 二種　2021年Ⅳ,,,240,,
試験対策,312,証券外務員対策コース 二種　2021年Ⅴ,,,240,,
試験対策,313,証券外務員対策コース 二種　2021年　模擬試験,,,120,,
試験対策,314,ITパスポート講座Ⅰ,,ITパスポート講座Ⅰ,120,"社会人が身につけておくべき、ITと経営全般に関する基礎的な知識を、図やイラストを多用したわかりやすい解説を聞いて学べる講座です。
どんなレベルの方にも理解してもらいやすいよう、本講座では図やイラストを使い、ITや経営の知識をわかりやすく解説しています。
ここでは、企業と法務について学習します。","本講座はITパスポート試験に合格することを目標にしていますが、ITに関する内容だけでなく、経営や法務、システム戦略など、すべての社会人が身につけておくべき基礎的知識を学ぶことができます。
このためキャリアアップに繋がると考えます。"
試験対策,315,ITパスポート講座Ⅱ,,ITパスポート講座Ⅱ,120,"社会人が身につけておくべき、ITと経営全般に関する基礎的な知識を、図やイラストを多用したわかりやすい解説を聞いて学べる講座です。
どんなレベルの方にも理解してもらいやすいよう、本講座では図やイラストを使い、ITや経営の知識をわかりやすく解説しています。
ここでは、経営戦略について学習します。","本講座はITパスポート試験に合格することを目標にしていますが、ITに関する内容だけでなく、経営や法務、システム戦略など、すべての社会人が身につけておくべき基礎的知識を学ぶことができます。
このためキャリアアップに繋がると考えます。"
試験対策,316,ITパスポート講座Ⅲ,,ITパスポート講座Ⅲ,120,"社会人が身につけておくべき、ITと経営全般に関する基礎的な知識を、図やイラストを多用したわかりやすい解説を聞いて学べる講座です。
どんなレベルの方にも理解してもらいやすいよう、本講座では図やイラストを使い、ITや経営の知識をわかりやすく解説しています。
ここでは、システム戦略について学習します。","本講座はITパスポート試験に合格することを目標にしていますが、ITに関する内容だけでなく、経営や法務、システム戦略など、すべての社会人が身につけておくべき基礎的知識を学ぶことができます。
このためキャリアアップに繋がると考えます。"
試験対策,317,ITパスポート講座Ⅳ,,ITパスポート講座Ⅳ 150 分,150,"社会人が身につけておくべき、ITと経営全般に関する基礎的な知識を、図やイラストを多用したわかりやすい解説を聞いて学べる講座です。
どんなレベルの方にも理解してもらいやすいよう、本講座では図やイラストを使い、ITや経営の知識をわかりやすく解説しています。
ここでは、開発技術・プロジェクトマネジメント・サービスマネジメントについて学習します。","本講座はITパスポート試験に合格することを目標にしていますが、ITに関する内容だけでなく、経営や法務、システム戦略など、すべての社会人が身につけておくべき基礎的知識を学ぶことができます。
このためキャリアアップに繋がると考えます。"
試験対策,318,ITパスポート講座Ⅴ,,ITパスポート講座Ⅴ,120,"社会人が身につけておくべき、ITと経営全般に関する基礎的な知識を、図やイラストを多用したわかりやすい解説を聞いて学べる講座です。
どんなレベルの方にも理解してもらいやすいよう、本講座では図やイラストを使い、ITや経営の知識をわかりやすく解説しています。
ここでは、基礎理論について学習します。","本講座はITパスポート試験に合格することを目標にしていますが、ITに関する内容だけでなく、経営や法務、システム戦略など、すべての社会人が身につけておくべき基礎的知識を学ぶことができます。
このためキャリアアップに繋がると考えます。"
試験対策,319,ITパスポート講座Ⅵ,,ITパスポート講座Ⅵ,120,"社会人が身につけておくべき、ITと経営全般に関する基礎的な知識を、図やイラストを多用したわかりやすい解説を聞いて学べる講座です。
どんなレベルの方にも理解してもらいやすいよう、本講座では図やイラストを使い、ITや経営の知識をわかりやすく解説しています。
ここでは、コンピュータシステムについて学習します。","本講座はITパスポート試験に合格することを目標にしていますが、ITに関する内容だけでなく、経営や法務、システム戦略など、すべての社会人が身につけておくべき基礎的知識を学ぶことができます。
このためキャリアアップに繋がると考えます。"
試験対策,320,ITパスポート講座Ⅶ,,ITパスポート講座Ⅶ 150 分,150,"社会人が身につけておくべき、ITと経営全般に関する基礎的な知識を、図やイラストを多用したわかりやすい解説を聞いて学べる講座です。
どんなレベルの方にも理解してもらいやすいよう、本講座では図やイラストを使い、ITや経営の知識をわかりやすく解説しています。
ここでは、技術要素について学習します。","本講座はITパスポート試験に合格することを目標にしていますが、ITに関する内容だけでなく、経営や法務、システム戦略など、すべての社会人が身につけておくべき基礎的知識を学ぶことができます。
このためキャリアアップに繋がると考えます。"
試験対策,321,ITパスポート講座  試験対策,,ITパスポート講座試験対策 480 分,240,"過去の試験で頻出したテーマから厳選された模擬試験2回分に挑戦します。
本番の試験に備え問題に挑戦してください。","ITパスポート試験の模擬試験です。
合格に必要な知識を身につけることで資格取得に繋がりキャリアアップに繋がると考えます。"
介護福祉,322,接遇マナー①,職能別研修,接遇マナー①,70,"第一印象とは
挨拶とお辞儀
言葉遣いと話しかた
報告・連絡・相談
仕事のサイクルとは
仕事中の態度と行動のポイント
施設内でのマナー
プライバシーに関するマナー
信頼関係を築くコミュニケーション
ノーマライゼーション
確認テスト",本講座では、まず、介護職員としてのビジネスマナー（挨拶とお辞儀、言葉遣いと話しかた、報告・連絡・相談など）を学びます。次に、介護の現場で必要なコミュニケーション（仕事中の態度と行動のポイント、信頼関係を築くコミュニケーションなど）を習得し、最後にCSの向上について学びます。
介護福祉,323,接遇マナー②,職能別研修,接遇マナー②,60,"尊厳とは何か
求められる介護福祉士像とは
接遇とは
接遇基本のき
言葉遣い
クレームとは
ご意見対応の基本
人的クレームへの対応
自己開示
会話の基本ルール
確認テスト",本講座では、まず高齢者の尊厳を支えるケアとして尊厳とは何か、求められる介護福祉士像とはどんなものかについて学びます。次に介護職に必要なマナーとして、接遇とは何か（接遇の基本・言葉づかい）、クレーム対応の基本・人的クレームへの対応、会話の基本ルールなど介護に必要なコミュニケーションについて学びます。
介護福祉,324,認知症①,職能別研修,認知症①,60,"認知症の定義
認知症は大人だからなる
中核症状
BPSD
不快感・焦燥感・不安感
被害感・混乱・自発性の低下
中核症状に対して
BPSDに対して
寄り添う介護を目指して
確認テスト",本講座では、まず認知症についての正しい知識（認知症とは何か、中核症状とBPSD）を学び、認知症の理解を深めます。次に、認知症の人の心理的特徴を学び、認知症の人の気持ちを理解した上で、認知症の人に必要なケア、寄り添うための介護について学んでいきます。
介護福祉,325,認知症②,職能別研修,認知症②,60,"病態・症状・経過
原因疾患の理解の対応
良い例、悪い例、
認知症の人の環境とは
アセスメントとＩＣＦ
認知症の人の生活を支える
確認テスト",本講座では、まず認知症の原因となる疾患にはどのようなものがあるのか、それぞれの病態・症状・経過について詳しく学びます。次に、認知症の人への対応として、声かけの良い例・悪い例、認知症の人の生活を支えるための環境整備について学びます。
介護福祉,326,認知症③,職能別研修,認知症③,60,"研修の目的
全てがわからないわけではない
できないこと探しではない
何を理解すればよいのか
ストレングスとエンパワメント
危険因子
脳の活性化
危険因子のコントロール
非薬物療法
介護職員として
確認テスト",本講座では、まずは認知症の人にもできることがあること、認知症の人の気持ちをどのように理解して必要なケアを考えることができるかを学んでいきます。次に、認知症の予防とは何か、具体的な予防方法について学び、認知症の予防についての知識を深めます。
介護福祉,327,介護技術①,職能別研修,介護技術①,55,"生活支援とは
ICFの考え方
生活支援技術とアセスメント
生活に必要な行為を行う
もっている力の活用と自立支援
ボディメカニクスとは
ボディメカニクスの基本原理
重心と姿勢の安定
介護に必要な５つの視点
確認テスト",本講座では、まずは介護に必要なICF（国際生活機能分類）の視点に基づいた生活支援技術について学びます。次に介護技術の基本と、介護に必要なボディメカニクスの基本原理と活用について理解することで、ご利用者様の自立支援の観点にのっとった介護支援を学んでいきます。
介護福祉,328,介護技術② ,職能別研修,介護技術②,60,"体位変換
重心移動
移動・移乗
食事
入浴
排泄
確認テスト",本講座では、ご利用者様の生活を支えるために、福祉職に必要な介護技術について学びます。基本的介護技術として、①体位変換②重心移動③移動・移乗④食事⑤入浴⑥排泄、それぞれの場面での介助をする際のポイントについて学んでいきます。
介護福祉,329,感染症①,職能別研修,感染症①,60,"感染と感染症
感染症と予防のポイント
感染予防策
消毒
抵抗力を高める
確認テスト",本講座では、まず感染症の原因となる病原微生物の種類、感染を起こす要因、感染経路について学び、感染症への知識を深めます。次に、感染症を予防するための対策や、ケア現場での消毒について、ご利用者様の抵抗力を高めるための健康管理についてを学びます。
介護福祉,330,感染症②,職能別研修,感染症②,60,"感染症の早期発見
内因性感染症
介護現場で問題となる感染症
誤嚥性肺炎
尿路感染症
褥瘡感染症
外因性感染症
MRSA
結核
確認テスト",本講座では、まず感染症の早期発見のために疑うべき症状やサインについてを学びます。次に、介護の現場でよくある感染症として、内因性感染症（誤嚥性肺炎、尿路感染症、褥瘡感染症）と外因性感染症（MRSA、結核）、それぞれの原因や症状、予防と介護をする際の留意点についてついて学びます。
介護福祉,331,感染症③,職能別研修,感染症③,60,"外因性感染症
疥癬
インフルエンザ
細菌性胃腸炎
ノロウイルス
ウイルス性肝炎
エイズ
レジオネラ感染症
確認テスト",本講座では、講座「感染症②」の続きとして、外因性感染症（疥癬、インフルエンザ、細菌性胃腸炎、ノロウイルス、ウイルス性肝炎、エイズ、レジオネラ感染症）、それぞれの原因や症状、予防と介護をする際の留意点について学びます。
介護福祉,332,人権・個人情報保護,職能別研修,人権・個人情報保護,55,"尊厳とは何か
人権が脅かされるとき
人権を守るには
個人情報とは
介護現場での法律の適応
SNSとは
SNSにおける個人情報
これからの情報管理について
確認テスト",本講座では、まず人間の尊厳と自立（尊厳とは何か、人権が脅かされるとき、人権を守るには）について学びます。次に、個人情報とは何か、介護現場での法律の適応について理解を深め、最後にSNSにおける個人情報保護、これからの情報管理について学んでいきます。
介護福祉,333,ＩＣＦ・アセスメント,職能別研修,ＩＣＦ・アセスメント,60,"介護とは
客観的で科学的な介護実践
アセスメントとは
情報収集の方法と留意点
ＩＣＦとは
連続的なサイクル
利用者の全体像をとらえる
全体像をみる
望む生活の実現のために
確認テスト",本講座では、まず介護のプロセスに必要な知識、アセスメントとは何かを学び、ICFの視点について考えていきます。次に、介護過程の展開に必要な知識（PDCAサイクル、ICFに基づく視点、情報の解釈・関連付け・統合化、課題の明確化）について学びます。
介護福祉,334,メンタルヘルス,職能別研修,メンタルヘルス,60,"メンタルヘルスとは何か
自分を知る
ストレスの原因を知る
息の長い職員でいるために
ストレスはなくならない
ストレスのコントロール
レジリエンスとは
技術を身につけるには
どこに相談したらよいのか
確認テスト",本講座では、まずはメンタルヘルスとは何か、こころの健康のために何を知り、息の長い職員でいるために組織の人間関係についてを学びます。次に、もし辛くなった場合のストレスコントロール、レジリエンスとは何か、レジリエンス技術を身につける方法を習得し、最後に、相談するときはどこに相談したらよいのかを学びます。
介護福祉,335,リスクマネジメント,職能別研修,リスクマネジメント,60,"リスクマネジメントとは
リスクマネジメントを取り組むようになった背景
取り組み方針の決定
職員の一丸となった取り組みのために
リスクの分類と把握
情報収集
分析
解釈・関連付け・統合化
対応策の検討・実施
評価
確認テスト",本講座では、まずはリスクマネジメントとは何か、リスクマネジメントに取り組むようになった背景を知り、リスクマネジメントに取り組むためのプロセスについて学びます。次に、リスクマネジメントに必要な情報収集・分析・課題の明確化について、最後に対応策の検討・実施、さらに実施後の評価についても学びます。
介護福祉,336,腰痛予防,職能別研修,腰痛予防,60,"腰痛の定義
介護と腰痛
安心して働ける環境づくり
ボディメカニクスの活用
福祉用具の活用
自己管理
ストレス管理
慢性化させないために
確認テスト",本講座では、まず腰痛とは何か、介護における腰痛の原因、安心して働ける環境づくりについてを学びます。次に、介護場面においての腰痛予防策、日常場面においての腰痛予防策、もし腰痛になった場合に慢性化させないための対策についてを学びます。
介護福祉,337,身体拘束・虐待防止,職能別研修,身体拘束・虐待防止,60,"身体拘束とは
身体拘束がもたらす弊害
身体拘束の影響
3つの原則
身体拘束廃止のための５つの方針
虐待とは
虐待の種類
事業者および職員の責務
虐待をどのように捉えるのか
これから取り組むべき事
確認テスト",本講座では、まずは身体拘束について、身体拘束とは何か、身体拘束はなぜ問題なのか、身体拘束の廃止に向けての3つの原則と5つの方針について学びます。次に虐待について、虐待とは何か、虐待の種類と内容、介護職員はどう対応するべきか、虐待の廃止に向けて取り組むべきことについて学びます。
キャリア担当者養成講座,338,キャリア担当者養成講座,,,,,
